# Created by Open3D 
# object name: smooth_box
# number of vertices: 1538
# number of triangles: 3072
v -0.0371518 -0.0371518 0.00640846
vn -0.674579 -0.674579 -0.299813
v 0.0355768 -0.0355768 0.0099521
vn 0.674579 -0.674579 -0.299813
v -0.0355768 -0.0355768 0.170048
vn -0.674579 -0.674579 0.299813
v 0.0371518 -0.0371518 0.173592
vn 0.674579 -0.674579 0.299813
v -0.0355768 0.0355768 0.0099521
vn -0.674579 0.674579 -0.299813
v 0.0371518 0.0371518 0.00640846
vn 0.674579 0.674579 -0.299813
v -0.0371518 0.0371518 0.173592
vn -0.674579 0.674579 0.299813
v 0.0355768 0.0355768 0.170048
vn 0.674579 0.674579 0.299813
v -1.17302e-19 0.04 0.09
vn 0 1 0
v 0.0370512 0.0370512 0.0833653
vn 0.707107 0.707107 -1.08504e-16
v 0.00294877 0.0370512 0.00663474
vn 1.75279e-17 0.913812 -0.406138
v -0.0370512 0.0370512 0.0966347
vn -0.707107 0.707107 1.08504e-16
v -0.00294877 0.0370512 0.173365
vn 3.15502e-16 0.913812 0.406138
v -0.0370512 -0.0370512 0.0833653
vn -0.707107 -0.707107 0
v -0.04 -5.46359e-18 0.09
vn -1 0 0
v -0.0370512 -0.00294877 0.00663474
vn -0.913812 1.75279e-17 -0.406138
v -0.0370512 0.00294877 0.173365
vn -0.913812 0 0.406138
v -0.00294877 -0.0370512 0.00663474
vn -4.30083e-16 -0.913812 -0.406138
v -1.17302e-19 -0.04 0.09
vn 0 -1 0
v 0.0370512 -0.0370512 0.0966347
vn 0.707107 -0.707107 0
v 0.00294877 -0.0370512 0.173365
vn 0 -0.913812 0.406138
v 0.0370512 0.00294877 0.00663474
vn 0.913812 -4.36453e-17 -0.406138
v 0.04 1.4753e-18 0.09
vn 1 0 0
v 0.0370512 -0.00294877 0.173365
vn 0.913812 0 0.406138
v -1.17302e-19 -5.46359e-18 0.18
vn 0 0 1
v -1.17302e-19 -5.46359e-18 0
vn 0 0 -1
v -0.02 0.04 0.045
vn -0.00328394 0.999994 -0.00145953
v -7.0562e-18 0.04 0.045
vn 0 0.999999 -0.00148581
v -0.0170512 0.0370512 0.00663474
vn -0.000253766 0.913812 -0.406138
v 0.02 0.04 0.135
vn 0.00328394 0.999994 0.00145953
v 0.0370512 0.0370512 0.128365
vn 0.707107 0.707107 8.72729e-05
v 0.02 0.04 0.09
vn 0.00334307 0.999994 0
v 0.0370512 0.0370512 0.0383653
vn 0.707107 0.707107 -0.000336875
v 0.0229488 0.0370512 0.00663474
vn 0.000979542 0.913811 -0.406138
v 0.02 0.04 0.045
vn 0.00333937 0.999993 -0.00148417
v -0.0370512 0.0370512 0.0516347
vn -0.707107 0.707107 -8.72729e-05
v -0.02 0.04 0.09
vn -0.00334307 0.999994 3.14763e-19
v -0.0370512 0.0370512 0.141635
vn -0.707107 0.707107 0.000336875
v -0.0229488 0.0370512 0.173365
vn -0.000979542 0.913811 0.406138
v -0.02 0.04 0.135
vn -0.00333937 0.999993 0.00148417
v 0.0170512 0.0370512 0.173365
vn 0.000253766 0.913812 0.406138
v -7.0562e-18 0.04 0.135
vn 0 0.999999 0.00148581
v -0.0370512 -0.0370512 0.0383653
vn -0.707107 -0.707107 -0.000336875
v -0.04 -0.02 0.045
vn -0.999993 -0.00333937 -0.00148417
v -0.0370512 -0.0229488 0.00663474
vn -0.913811 -0.000979542 -0.406138
v -0.0370512 -0.0370512 0.128365
vn -0.707107 -0.707107 8.72729e-05
v -0.04 -0.02 0.135
vn -0.999994 -0.00328394 0.00145953
v -0.04 -0.02 0.09
vn -0.999994 -0.00334307 -6.87324e-19
v -0.04 0.02 0.045
vn -0.999994 0.00328394 -0.00145953
v -0.0370512 0.0170512 0.00663474
vn -0.913812 0.000253766 -0.406138
v -0.04 -1.24025e-17 0.045
vn -0.999999 0 -0.00148581
v -0.0370512 -0.0170512 0.173365
vn -0.913812 -0.000253766 0.406138
v -0.04 -5.46359e-18 0.135
vn -0.999999 0 0.00148581
v -0.0370512 0.0229488 0.173365
vn -0.913811 0.000979542 0.406138
v -0.04 0.02 0.135
vn -0.999993 0.00333937 0.00148417
v -0.04 0.02 0.09
vn -0.999994 0.00334307 0
v -0.0229488 -0.0370512 0.00663474
vn -0.000979542 -0.913811 -0.406138
v -0.02 -0.04 0.045
vn -0.00333937 -0.999993 -0.00148417
v 0.0170512 -0.0370512 0.00663474
vn 0.000253766 -0.913812 -0.406138
v 0.02 -0.04 0.045
vn 0.00328394 -0.999994 -0.00145953
v -7.0562e-18 -0.04 0.045
vn 0 -0.999999 -0.00148581
v -0.02 -0.04 0.135
vn -0.00328394 -0.999994 0.00145953
v -0.02 -0.04 0.09
vn -0.00334307 -0.999994 2.88989e-20
v 0.0370512 -0.0370512 0.0516347
vn 0.707107 -0.707107 -8.72729e-05
v 0.02 -0.04 0.09
vn 0.00334307 -0.999994 0
v 0.0370512 -0.0370512 0.141635
vn 0.707107 -0.707107 0.000336875
v 0.0229488 -0.0370512 0.173365
vn 0.000979542 -0.913811 0.406138
v 0.02 -0.04 0.135
vn 0.00333937 -0.999993 0.00148417
v -0.0170512 -0.0370512 0.173365
vn -0.000253766 -0.913812 0.406138
v -1.17302e-19 -0.04 0.135
vn 0 -0.999999 0.00148581
v 0.0370512 -0.0170512 0.00663474
vn 0.913812 -0.000253766 -0.406138
v 0.04 1.4753e-18 0.045
vn 0.999999 6.29529e-19 -0.00148581
v 0.04 -0.02 0.045
vn 0.999994 -0.00328394 -0.00145953
v 0.0370512 0.0229488 0.00663474
vn 0.913811 0.000979542 -0.406138
v 0.04 0.02 0.045
vn 0.999993 0.00333937 -0.00148417
v 0.04 0.02 0.135
vn 0.999994 0.00328394 0.00145953
v 0.04 0.02 0.09
vn 0.999994 0.00334307 0
v 0.04 -0.02 0.09
vn 0.999994 -0.00334307 3.93454e-19
v 0.0370512 0.0170512 0.173365
vn 0.913812 0.000253766 0.406138
v 0.04 -1.24025e-17 0.135
vn 0.999999 0 0.00148581
v 0.0370512 -0.0229488 0.173365
vn 0.913811 -0.000979542 0.406138
v 0.04 -0.02 0.135
vn 0.999993 -0.00333937 0.00148417
v -1.17302e-19 -0.02 0.18
vn 1.73975e-18 -0.00752173 0.999972
v -0.02 -0.02 0.18
vn -0.0073885 -0.0073885 0.999945
v 0.02 -0.02 0.18
vn 0.00751322 -0.00751322 0.999944
v 0.02 0.02 0.18
vn 0.0073885 0.0073885 0.999945
v 0.02 -1.24025e-17 0.18
vn 0.00752173 0 0.999972
v -0.02 -5.46359e-18 0.18
vn -0.00752173 1.73975e-18 0.999972
v -1.17302e-19 0.02 0.18
vn 0 0.00752173 0.999972
v -0.02 0.02 0.18
vn -0.00751322 0.00751322 0.999944
v -0.02 -0.02 0
vn -0.00751322 -0.00751322 -0.999944
v -0.02 0.02 0
vn -0.0073885 0.0073885 -0.999945
v -0.02 -1.24025e-17 0
vn -0.00752173 -3.4795e-18 -0.999972
v 0.02 -0.02 0
vn 0.0073885 -0.0073885 -0.999945
v -7.0562e-18 -0.02 0
vn -1.4164e-18 -0.00752173 -0.999972
v 0.02 -5.46359e-18 0
vn 0.00752173 0 -0.999972
v 6.82159e-18 0.02 0
vn 0 0.00752173 -0.999972
v 0.02 0.02 0
vn 0.00751322 0.00751322 -0.999944
v -0.029521 0.039521 0.0235777
vn -0.106402 0.993198 -0.0472898
v -0.0197334 0.0397334 0.0230998
vn -0.00209458 0.998649 -0.0519249
v -0.0269971 0.0369971 0.00675656
vn -0.0631397 0.911988 -0.405328
v -0.01 0.04 0.0675
vn 0 1 0
v -7.0562e-18 0.04 0.0675
vn 0 1 0
v -0.01 0.04 0.045
vn 0 0.999999 -0.00148581
v 0.000266556 0.0397334 0.0230998
vn -1.38787e-20 0.998645 -0.0520466
v -0.00705123 0.0370512 0.00663474
vn -1.75279e-17 0.913812 -0.406138
v -0.00973344 0.0397334 0.0230998
vn 9.23296e-16 0.998645 -0.0520466
v 0.01 0.04 0.1125
vn 0 1 0
v 0.02 0.04 0.1125
vn 0.00334307 0.999994 0
v 0.01 0.04 0.09
vn 0 1 0
v 0.029521 0.039521 0.156422
vn 0.106402 0.993198 0.0472898
v 0.0369971 0.0369971 0.150743
vn 0.706939 0.706939 0.0217527
v 0.0297334 0.0397334 0.1344
vn 0.116197 0.993226 0.000925869
v 0.0370512 0.0370512 0.105865
vn 0.707107 0.707107 0
v 0.0297334 0.0397334 0.0894002
vn 0.116466 0.993195 0
v 0.0297334 0.0397334 0.1119
vn 0.116466 0.993195 0
v 0.0370512 0.0370512 0.0608653
vn 0.707107 0.707107 0
v 0.0297334 0.0397334 0.0444002
vn 0.116269 0.993217 -0.00136731
v 0.0297334 0.0397334 0.0669002
vn 0.116466 0.993195 0
v 0.0370579 0.0370579 0.0170498
vn 0.707085 0.707085 -0.0078237
v 0.0324223 0.0370579 0.0066198
vn 0.022744 0.913575 -0.406033
v 0.03 0.0394669 0.0225
vn 0.104454 0.993446 -0.0464242
v 0.0129488 0.0370512 0.00663474
vn 0 0.913812 -0.406138
v 0.0102666 0.0397334 0.0230998
vn -9.23932e-16 0.998645 -0.0520466
v 0.0202666 0.0397334 0.0230998
vn 0.00309327 0.998645 -0.0519574
v 0.01 0.04 0.0675
vn 0 1 0
v 0.02 0.04 0.0675
vn 0.00334307 0.999994 0
v 0.01 0.04 0.045
vn 6.87327e-19 0.999999 -0.00148581
v -0.0369971 0.0369971 0.0292566
vn -0.706939 0.706939 -0.0217527
v -0.0297334 0.0397334 0.0455998
vn -0.116197 0.993226 -0.000925869
v -0.0370512 0.0370512 0.0741347
vn -0.707107 0.707107 0
v -0.0297334 0.0397334 0.0905998
vn -0.116466 0.993195 4.06156e-16
v -0.0297334 0.0397334 0.0680998
vn -0.116466 0.993195 -4.08269e-16
v -0.01 0.04 0.09
vn 0 1 0
v -0.02 0.04 0.0675
vn -0.00334307 0.999994 0
v -0.0370512 0.0370512 0.119135
vn -0.707107 0.707107 0
v -0.0297334 0.0397334 0.1356
vn -0.116269 0.993217 0.00136731
v -0.0297334 0.0397334 0.1131
vn -0.116466 0.993195 -4.08269e-16
v -0.0370579 0.0370579 0.16295
vn -0.707085 0.707085 0.0078237
v -0.0324223 0.0370579 0.17338
vn -0.022744 0.913575 0.406033
v -0.03 0.0394669 0.1575
vn -0.104454 0.993446 0.0464242
v -0.0129488 0.0370512 0.173365
vn 0 0.913812 0.406138
v -0.0102666 0.0397334 0.1569
vn -9.63056e-17 0.998645 0.0520466
v -0.0202666 0.0397334 0.1569
vn -0.00309327 0.998645 0.0519574
v 0.00705123 0.0370512 0.173365
vn 0 0.913812 0.406138
v 0.00973344 0.0397334 0.1569
vn -9.98076e-17 0.998645 0.0520466
v -0.000266556 0.0397334 0.1569
vn 9.59061e-17 0.998645 0.0520466
v 0.0269971 0.0369971 0.173243
vn 0.0631397 0.911988 0.405328
v 0.0197334 0.0397334 0.1569
vn 0.00209458 0.998649 0.0519249
v -7.0562e-18 0.04 0.1125
vn 0 1 0
v 0.01 0.04 0.135
vn 0 0.999999 0.00148581
v -0.02 0.04 0.1125
vn -0.00334307 0.999994 3.43662e-19
v -0.01 0.04 0.135
vn 0 0.999999 0.00148581
v -0.01 0.04 0.1125
vn 0 1 0
v -0.0370579 -0.0370579 0.0170498
vn -0.707085 -0.707085 -0.0078237
v -0.0394669 -0.03 0.0225
vn -0.993446 -0.104454 -0.0464242
v -0.0370579 -0.0324223 0.0066198
vn -0.913575 -0.022744 -0.406033
v -0.0370512 -0.0370512 0.0608653
vn -0.707107 -0.707107 0
v -0.0397334 -0.0297334 0.0669002
vn -0.993195 -0.116466 -2.66056e-18
v -0.0397334 -0.0297334 0.0444002
vn -0.993217 -0.116269 -0.00136731
v -0.0397334 -0.0102666 0.0230998
vn -0.998645 4.20034e-18 -0.0520466
v -0.0370512 -0.0129488 0.00663474
vn -0.913812 -1.75279e-17 -0.406138
v -0.0397334 -0.0202666 0.0230998
vn -0.998645 -0.00309327 -0.0519574
v -0.0370512 -0.0370512 0.105865
vn -0.707107 -0.707107 0
v -0.0397334 -0.0297334 0.1119
vn -0.993195 -0.116466 0
v -0.0397334 -0.0297334 0.0894002
vn -0.993195 -0.116466 0
v -0.0369971 -0.0369971 0.150743
vn -0.706939 -0.706939 0.0217527
v -0.039521 -0.029521 0.156422
vn -0.993198 -0.106402 0.0472898
v -0.0397334 -0.0297334 0.1344
vn -0.993226 -0.116197 0.000925869
v -0.04 -0.01 0.1125
vn -1 0 0
v -0.04 -0.01 0.09
vn -1 0 0
v -0.04 -0.02 0.1125
vn -0.999994 -0.00334307 3.43662e-19
v -0.04 0.01 0.0675
vn -1 0 0
v -0.04 0.01 0.045
vn -0.999999 0 -0.00148581
v -0.04 -1.24025e-17 0.0675
vn -1 0 0
v -0.039521 0.029521 0.0235777
vn -0.993198 0.106402 -0.0472898
v -0.0369971 0.0269971 0.00675656
vn -0.911988 0.0631397 -0.405328
v -0.0397334 0.0197334 0.0230998
vn -0.998649 0.00209458 -0.0519249
v -0.0370512 0.00705123 0.00663474
vn -0.913812 -1.83473e-17 -0.406138
v -0.0397334 -0.000266556 0.0230998
vn -0.998645 -5.35031e-18 -0.0520466
v -0.0397334 0.00973344 0.0230998
vn -0.998645 4.20034e-18 -0.0520466
v -0.04 -0.02 0.0675
vn -0.999994 -0.00334307 3.43662e-19
v -0.04 -0.01 0.0675
vn -1 0 0
v -0.04 -0.01 0.045
vn -0.999999 0 -0.00148581
v -0.0369971 -0.0269971 0.173243
vn -0.911988 -0.0631397 0.405328
v -0.0397334 -0.0197334 0.1569
vn -0.998649 -0.00209458 0.0519249
v -0.0370512 -0.00705123 0.173365
vn -0.913812 0 0.406138
v -0.0397334 0.000266556 0.1569
vn -0.998645 -9.42072e-17 0.0520466
v -0.0397334 -0.00973344 0.1569
vn -0.998645 9.59061e-17 0.0520466
v -0.04 -5.46359e-18 0.1125
vn -1 0 0
v -0.04 -0.01 0.135
vn -0.999999 0 0.00148581
v -0.0370512 0.0129488 0.173365
vn -0.913812 0 0.406138
v -0.0397334 0.0202666 0.1569
vn -0.998645 0.00309327 0.0519574
v -0.0397334 0.0102666 0.1569
vn -0.998645 9.59061e-17 0.0520466
v -0.0370579 0.0324223 0.17338
vn -0.913575 0.022744 0.406033
v -0.0394669 0.03 0.1575
vn -0.993446 0.104454 0.0464242
v -0.0397334 0.0297334 0.1131
vn -0.993195 0.116466 0
v -0.0397334 0.0297334 0.1356
vn -0.993217 0.116269 0.00136731
v -0.0397334 0.0297334 0.0680998
vn -0.993195 0.116466 3.72478e-17
v -0.0397334 0.0297334 0.0905998
vn -0.993195 0.116466 -3.72478e-17
v -0.0397334 0.0297334 0.0455998
vn -0.993226 0.116197 -0.000925869
v -0.04 0.01 0.09
vn -1 0 0
v -0.04 0.02 0.0675
vn -0.999994 0.00334307 0
v -0.04 0.01 0.135
vn -0.999999 0 0.00148581
v -0.04 0.02 0.1125
vn -0.999994 0.00334307 0
v -0.04 0.01 0.1125
vn -1 0 0
v -0.0324223 -0.0370579 0.0066198
vn -0.022744 -0.913575 -0.406033
v -0.03 -0.0394669 0.0225
vn -0.104454 -0.993446 -0.0464242
v -0.0129488 -0.0370512 0.00663474
vn 7.36033e-18 -0.913812 -0.406138
v -0.0102666 -0.0397334 0.0230998
vn 0 -0.998645 -0.0520466
v -0.0202666 -0.0397334 0.0230998
vn -0.00309327 -0.998645 -0.0519574
v -0.0297334 -0.0397334 0.0669002
vn -0.116466 -0.993195 2.08871e-18
v -0.0297334 -0.0397334 0.0444002
vn -0.116269 -0.993217 -0.00136731
v 0.00705123 -0.0370512 0.00663474
vn 4.22723e-16 -0.913812 -0.406138
v 0.00973344 -0.0397334 0.0230998
vn 0 -0.998645 -0.0520466
v -0.000266556 -0.0397334 0.0230998
vn -4.20034e-18 -0.998645 -0.0520466
v 0.0269971 -0.0369971 0.00675656
vn 0.0631397 -0.911988 -0.405328
v 0.029521 -0.039521 0.0235777
vn 0.106402 -0.993198 -0.0472898
v 0.0197334 -0.0397334 0.0230998
vn 0.00209458 -0.998649 -0.0519249
v 0.01 -0.04 0.0675
vn 0 -1 0
v -7.0562e-18 -0.04 0.0675
vn 0 -1 0
v 0.01 -0.04 0.045
vn 0 -0.999999 -0.00148581
v -0.01 -0.04 0.1125
vn 0 -1 0
v -0.02 -0.04 0.1125
vn -0.00334307 -0.999994 -3.43662e-19
v -0.01 -0.04 0.09
vn 0 -1 0
v -0.029521 -0.039521 0.156422
vn -0.106402 -0.993198 0.0472898
v -0.0297334 -0.0397334 0.1344
vn -0.116197 -0.993226 0.000925869
v -0.0297334 -0.0397334 0.0894002
vn -0.116466 -0.993195 0
v -0.0297334 -0.0397334 0.1119
vn -0.116466 -0.993195 0
v -0.01 -0.04 0.045
vn 6.87327e-19 -0.999999 -0.00148581
v -0.01 -0.04 0.0675
vn 0 -1 0
v -0.02 -0.04 0.0675
vn -0.00334307 -0.999994 -3.14763e-19
v 0.0369971 -0.0369971 0.0292566
vn 0.706939 -0.706939 -0.0217527
v 0.0297334 -0.0397334 0.0455998
vn 0.116197 -0.993226 -0.000925869
v 0.0370512 -0.0370512 0.0741347
vn 0.707107 -0.707107 0
v 0.0297334 -0.0397334 0.0905998
vn 0.116466 -0.993195 0
v 0.0297334 -0.0397334 0.0680998
vn 0.116466 -0.993195 -3.72478e-17
v 0.01 -0.04 0.09
vn 0 -1 0
v 0.02 -0.04 0.0675
vn 0.00334307 -0.999994 0
v 0.0370512 -0.0370512 0.119135
vn 0.707107 -0.707107 0
v 0.0297334 -0.0397334 0.1356
vn 0.116269 -0.993217 0.00136731
v 0.0297334 -0.0397334 0.1131
vn 0.116466 -0.993195 3.72478e-17
v 0.0370579 -0.0370579 0.16295
vn 0.707085 -0.707085 0.0078237
v 0.0324223 -0.0370579 0.17338
vn 0.022744 -0.913575 0.406033
v 0.03 -0.0394669 0.1575
vn 0.104454 -0.993446 0.0464242
v 0.0129488 -0.0370512 0.173365
vn 0 -0.913812 0.406138
v 0.0102666 -0.0397334 0.1569
vn 9.63056e-17 -0.998645 0.0520466
v 0.0202666 -0.0397334 0.1569
vn 0.00309327 -0.998645 0.0519574
v -0.00705123 -0.0370512 0.173365
vn 0 -0.913812 0.406138
v -0.00973344 -0.0397334 0.1569
vn 0 -0.998645 0.0520466
v 0.000266556 -0.0397334 0.1569
vn 0 -0.998645 0.0520466
v -0.0269971 -0.0369971 0.173243
vn -0.0631397 -0.911988 0.405328
v -0.0197334 -0.0397334 0.1569
vn -0.00209458 -0.998649 0.0519249
v 6.82159e-18 -0.04 0.1125
vn 0 -1 0
v -0.01 -0.04 0.135
vn 0 -0.999999 0.00148581
v 0.02 -0.04 0.1125
vn 0.00334307 -0.999994 0
v 0.01 -0.04 0.135
vn 0 -0.999999 0.00148581
v 0.01 -0.04 0.1125
vn 0 -1 0
v 0.0369971 -0.0269971 0.00675656
vn 0.911988 -0.0631397 -0.405328
v 0.0397334 -0.0197334 0.0230998
vn 0.998649 -0.00209458 -0.0519249
v 0.039521 -0.029521 0.0235777
vn 0.993198 -0.106402 -0.0472898
v 0.0370512 -0.00705123 0.00663474
vn 0.913812 3.38986e-16 -0.406138
v 0.0397334 0.000266556 0.0230998
vn 0.998645 0 -0.0520466
v 0.0397334 -0.00973344 0.0230998
vn 0.998645 -9.23296e-16 -0.0520466
v 0.04 -5.46359e-18 0.0675
vn 1 0 0
v 0.04 -0.01 0.0675
vn 1 0 0
v 0.04 -0.01 0.045
vn 0.999999 -6.87327e-19 -0.00148581
v 0.0370512 0.0129488 0.00663474
vn 0.913812 0 -0.406138
v 0.0397334 0.0202666 0.0230998
vn 0.998645 0.00309327 -0.0519574
v 0.0397334 0.0102666 0.0230998
vn 0.998645 -5.60045e-18 -0.0520466
v 0.0370579 0.0324223 0.0066198
vn 0.913575 0.022744 -0.406033
v 0.0394669 0.03 0.0225
vn 0.993446 0.104454 -0.0464242
v 0.0397334 0.0297334 0.0669002
vn 0.993195 0.116466 4.08395e-16
v 0.0397334 0.0297334 0.0444002
vn 0.993217 0.116269 -0.00136731
v 0.0397334 0.0297334 0.1119
vn 0.993195 0.116466 4.45368e-16
v 0.0397334 0.0297334 0.0894002
vn 0.993195 0.116466 -4.08269e-16
v 0.039521 0.029521 0.156422
vn 0.993198 0.106402 0.0472898
v 0.0397334 0.0297334 0.1344
vn 0.993226 0.116197 0.000925869
v 0.04 0.01 0.1125
vn 1 0 0
v 0.04 0.01 0.09
vn 1 0 0
v 0.04 0.02 0.1125
vn 0.999994 0.00334307 0
v 0.04 0.01 0.045
vn 0.999999 6.87327e-19 -0.00148581
v 0.04 0.02 0.0675
vn 0.999994 0.00334307 0
v 0.04 0.01 0.0675
vn 1 0 0
v 0.0397334 -0.0297334 0.0455998
vn 0.993226 -0.116197 -0.000925869
v 0.04 -0.01 0.09
vn 1 0 0
v 0.04 -0.02 0.0675
vn 0.999994 -0.00334307 -3.43662e-19
v 0.0397334 -0.0297334 0.0905998
vn 0.993195 -0.116466 -4.17433e-16
v 0.0397334 -0.0297334 0.0680998
vn 0.993195 -0.116466 4.19285e-16
v 0.04 0.01 0.135
vn 0.999999 0 0.00148581
v 0.04 -5.46359e-18 0.1125
vn 1 0 0
v 0.0369971 0.0269971 0.173243
vn 0.911988 0.0631397 0.405328
v 0.0397334 0.0197334 0.1569
vn 0.998649 0.00209458 0.0519249
v 0.0370512 0.00705123 0.173365
vn 0.913812 -3.11905e-16 0.406138
v 0.0397334 -0.000266556 0.1569
vn 0.998645 9.63056e-17 0.0520466
v 0.0397334 0.00973344 0.1569
vn 0.998645 -9.59061e-17 0.0520466
v 0.0370512 -0.0129488 0.173365
vn 0.913812 -3.21078e-16 0.406138
v 0.0397334 -0.0202666 0.1569
vn 0.998645 -0.00309327 0.0519574
v 0.0397334 -0.0102666 0.1569
vn 0.998645 -9.59061e-17 0.0520466
v 0.0370579 -0.0324223 0.17338
vn 0.913575 -0.022744 0.406033
v 0.0394669 -0.03 0.1575
vn 0.993446 -0.104454 0.0464242
v 0.0397334 -0.0297334 0.1131
vn 0.993195 -0.116466 0
v 0.0397334 -0.0297334 0.1356
vn 0.993217 -0.116269 0.00136731
v 0.04 -0.01 0.1125
vn 1 0 0
v 0.04 -0.01 0.135
vn 0.999999 0 0.00148581
v 0.04 -0.02 0.1125
vn 0.999994 -0.00334307 -3.14763e-19
v -0.0197334 -0.0297334 0.1794
vn -0.00456368 -0.254552 0.967048
v -0.029521 -0.029521 0.178922
vn -0.228152 -0.228152 0.946516
v 0.000266556 -0.0297334 0.1794
vn -1.80781e-15 -0.255113 0.966911
v -0.00973344 -0.0297334 0.1794
vn 1.78794e-15 -0.255113 0.966911
v -1.17302e-19 -0.01 0.18
vn 0 0 1
v -0.01 -0.01 0.18
vn 0 0 1
v -0.01 -0.02 0.18
vn 1.73975e-18 -0.00752173 0.999972
v 0.0202666 -0.0297334 0.1794
vn 0.0067393 -0.254699 0.966997
v 0.0102666 -0.0297334 0.1794
vn 1.78794e-15 -0.255113 0.966911
v 0.03 -0.03 0.1788
vn 0.22435 -0.22435 0.948332
v 0.0297334 -0.0102666 0.1794
vn 0.255113 -3.70039e-15 0.966911
v 0.0297334 -0.0202666 0.1794
vn 0.254699 -0.0067393 0.966997
v 0.0297334 0.00973344 0.1794
vn 0.255113 -1.79469e-15 0.966911
v 0.0297334 -0.000266556 0.1794
vn 0.255113 1.97152e-15 0.966911
v 0.029521 0.029521 0.178922
vn 0.228152 0.228152 0.946516
v 0.0297334 0.0197334 0.1794
vn 0.254552 0.00456368 0.967048
v 0.01 0.01 0.18
vn 0 0 1
v 0.01 -1.24025e-17 0.18
vn 0 0 1
v 0.02 0.01 0.18
vn 0.00752173 0 0.999972
v 0.01 -0.02 0.18
vn 1.73975e-18 -0.00752173 0.999972
v 0.02 -0.01 0.18
vn 0.00752173 1.84413e-15 0.999972
v 0.01 -0.01 0.18
vn 0 0 1
v -0.0297334 -0.0197334 0.1794
vn -0.254552 -0.00456368 0.967048
v -0.01 -5.46359e-18 0.18
vn 0 0 1
v -0.02 -0.01 0.18
vn -0.00752173 0 0.999972
v -0.0297334 0.000266556 0.1794
vn -0.255113 -8.29641e-16 0.966911
v -0.0297334 -0.00973344 0.1794
vn -0.255113 8.36294e-16 0.966911
v 0.01 0.02 0.18
vn 0 0.00752173 0.999972
v -7.0562e-18 0.01 0.18
vn 0 0 1
v 0.0197334 0.0297334 0.1794
vn 0.00456368 0.254552 0.967048
v -0.000266556 0.0297334 0.1794
vn 1.79469e-15 0.255113 0.966911
v 0.00973344 0.0297334 0.1794
vn -1.97152e-15 0.255113 0.966911
v -0.0202666 0.0297334 0.1794
vn -0.0067393 0.254699 0.966997
v -0.0102666 0.0297334 0.1794
vn -1.97152e-15 0.255113 0.966911
v -0.03 0.03 0.1788
vn -0.22435 0.22435 0.948332
v -0.0297334 0.0102666 0.1794
vn -0.255113 2.63099e-15 0.966911
v -0.0297334 0.0202666 0.1794
vn -0.254699 0.0067393 0.966997
v -0.01 0.01 0.18
vn 0 0 1
v -0.01 0.02 0.18
vn 0 0.00752173 0.999972
v -0.02 0.01 0.18
vn -0.00752173 0 0.999972
v -0.03 -0.03 0.0011995
vn -0.22435 -0.22435 -0.948332
v -0.0297334 -0.0102666 0.00059975
vn -0.255113 0 -0.966911
v -0.0297334 -0.0202666 0.00059975
vn -0.254699 -0.0067393 -0.966997
v -0.0102666 -0.0297334 0.00059975
vn 1.52508e-17 -0.255113 -0.966911
v -0.0202666 -0.0297334 0.00059975
vn -0.0067393 -0.254699 -0.966997
v -0.0297334 0.00973344 0.00059975
vn -0.255113 0 -0.966911
v -0.0297334 -0.000266556 0.00059975
vn -0.255113 2.83179e-17 -0.966911
v -0.029521 0.029521 0.00107768
vn -0.228152 0.228152 -0.946516
v -0.0297334 0.0197334 0.00059975
vn -0.254552 0.00456368 -0.967048
v -0.01 0.01 0
vn 0 0 -1
v -0.01 -1.24025e-17 0
vn 0 0 -1
v -0.02 0.01 0
vn -0.00752173 0 -0.999972
v 0.01 -0.01 0
vn 0 0 -1
v 0.01 -0.02 0
vn 0 -0.00752173 -0.999972
v -7.0562e-18 -0.01 0
vn 0 0 -1
v 0.029521 -0.029521 0.00107768
vn 0.228152 -0.228152 -0.946516
v 0.0197334 -0.0297334 0.00059975
vn 0.00456368 -0.254552 -0.967048
v -0.000266556 -0.0297334 0.00059975
vn 0 -0.255113 -0.966911
v 0.00973344 -0.0297334 0.00059975
vn -2.18366e-18 -0.255113 -0.966911
v -0.02 -0.01 0
vn -0.00752173 0 -0.999972
v -0.01 -0.01 0
vn 0 0 -1
v -0.01 -0.02 0
vn 0 -0.00752173 -0.999972
v 0.0297334 -0.0197334 0.00059975
vn 0.254552 -0.00456368 -0.967048
v 0.01 -5.46359e-18 0
vn 0 0 -1
v 0.02 -0.01 0
vn 0.00752173 0 -0.999972
v 0.0297334 0.000266556 0.00059975
vn 0.255113 2.59485e-18 -0.966911
v 0.0297334 -0.00973344 0.00059975
vn 0.255113 -1.83577e-16 -0.966911
v -0.01 0.02 0
vn 0 0.00752173 -0.999972
v -1.17302e-19 0.01 0
vn 0 0 -1
v -0.0197334 0.0297334 0.00059975
vn -0.00456368 0.254552 -0.967048
v 0.000266556 0.0297334 0.00059975
vn -1.83577e-16 0.255113 -0.966911
v -0.00973344 0.0297334 0.00059975
vn 1.7051e-16 0.255113 -0.966911
v 0.0202666 0.0297334 0.00059975
vn 0.0067393 0.254699 -0.966997
v 0.0102666 0.0297334 0.00059975
vn 1.83577e-16 0.255113 -0.966911
v 0.03 0.03 0.0011995
vn 0.22435 0.22435 -0.948332
v 0.0297334 0.0102666 0.00059975
vn 0.255113 -1.83577e-16 -0.966911
v 0.0297334 0.0202666 0.00059975
vn 0.254699 0.0067393 -0.966997
v 0.01 0.01 0
vn 0 0 -1
v 0.01 0.02 0
vn 0 0.00752173 -0.999972
v 0.02 0.01 0
vn 0.00752173 0 -0.999972
v -0.0332153 0.0382153 0.0152655
vn -0.317611 0.937655 -0.14116
v -0.0287838 0.0387838 0.0139864
vn -0.0902275 0.983598 -0.156183
v -0.0316701 0.0366701 0.00749219
vn -0.26905 0.880116 -0.391163
v -0.0249354 0.0399354 0.0338953
vn -0.0257562 0.999603 -0.0114472
v -0.0199667 0.0399667 0.033825
vn -0.00293149 0.999923 -0.0120755
v -0.0247105 0.0397105 0.0231513
vn -0.021901 0.998463 -0.0509097
v -0.0189171 0.0389171 0.0136865
vn -0.00103056 0.986998 -0.160726
v -0.0220491 0.0370491 0.00663942
vn -0.00789941 0.913783 -0.406126
v -0.0239067 0.0389067 0.0137099
vn -0.0155105 0.986998 -0.159981
v -0.015 0.04 0.05625
vn 0 1 0
v -0.01 0.04 0.05625
vn 0 1 0
v -0.015 0.04 0.045
vn 0 0.999999 -0.00148581
v -0.005 0.04 0.07875
vn 0 1 0
v -1.17302e-19 0.04 0.07875
vn 0 1 0
v -0.005 0.04 0.0675
vn 0 1 0
v -7.0562e-18 0.04 0.05625
vn 0 1 0
v -0.005 0.04 0.045
vn 0 0.999999 -0.00148581
v -0.005 0.04 0.05625
vn 0 1 0
v 3.33195e-05 0.0399667 0.033825
vn -4.52486e-16 0.999926 -0.0121704
v -0.00473344 0.0397334 0.0230998
vn -4.6954e-18 0.998645 -0.0520466
v -0.00496668 0.0399667 0.033825
vn 4.53058e-16 0.999926 -0.0121704
v 0.00108288 0.0389171 0.0136865
vn 5.39885e-16 0.98699 -0.160784
v -0.00205123 0.0370512 0.00663474
vn -3.21078e-16 0.913812 -0.406138
v -0.00391712 0.0389171 0.0136865
vn -5.40654e-16 0.98699 -0.160784
v -0.0120512 0.0370512 0.00663474
vn 3.02731e-16 0.913812 -0.406138
v -0.0139171 0.0389171 0.0136865
vn 1.85944e-17 0.98699 -0.160784
v -0.00891712 0.0389171 0.0136865
vn 5.02697e-16 0.98699 -0.160784
v -0.0149667 0.0399667 0.033825
vn 0 0.999926 -0.0121704
v -0.00996668 0.0399667 0.033825
vn 0 0.999926 -0.0121704
v -0.0147334 0.0397334 0.0230998
vn 4.68152e-18 0.998645 -0.0520466
v 0.005 0.04 0.10125
vn 0 1 0
v 0.01 0.04 0.10125
vn 0 1 0
v 0.005 0.04 0.09
vn 0 1 0
v 0.015 0.04 0.12375
vn 0 1 0
v 0.02 0.04 0.12375
vn 0.00334307 0.999994 0
v 0.015 0.04 0.1125
vn 0 1 0
v 0.02 0.04 0.10125
vn 0.00334307 0.999994 0
v 0.015 0.04 0.09
vn 0 1 0
v 0.015 0.04 0.10125
vn 0 1 0
v 0.0249354 0.0399354 0.146105
vn 0.0257562 0.999603 0.0114472
v 0.0297105 0.0397105 0.145599
vn 0.11397 0.993437 0.00968476
v 0.0249667 0.0399667 0.134925
vn 0.0271619 0.99963 0.0013025
v 0.0332153 0.0382153 0.164734
vn 0.317611 0.937655 0.14116
v 0.0366701 0.0366701 0.161258
vn 0.703866 0.703866 0.0956312
v 0.0337838 0.0387838 0.154764
vn 0.336197 0.94101 0.0383648
v 0.0370491 0.0370491 0.139611
vn 0.707104 0.707104 0.00271677
v 0.0339171 0.0389171 0.132564
vn 0.344032 0.938958 0.000435734
v 0.0339067 0.0389067 0.14379
vn 0.342617 0.939452 0.00656148
v 0.0370512 0.0370512 0.117115
vn 0.707107 0.707107 1.06479e-16
v 0.0339171 0.0389171 0.110064
vn 0.344145 0.938917 0
v 0.0339171 0.0389171 0.121314
vn 0.344145 0.938917 0
v 0.0370512 0.0370512 0.0946153
vn 0.707107 0.707107 0
v 0.0339171 0.0389171 0.0875635
vn 0.344145 0.938917 0
v 0.0339171 0.0389171 0.0988135
vn 0.344145 0.938917 0
v 0.0249667 0.0399667 0.089925
vn 0.0273753 0.999625 0
v 0.0249667 0.0399667 0.101175
vn 0.0273753 0.999625 0
v 0.0297334 0.0397334 0.10065
vn 0.116466 0.993195 0
v 0.0249667 0.0399667 0.123675
vn 0.0273753 0.999625 0
v 0.0297334 0.0397334 0.12315
vn 0.116466 0.993195 0
v 0.0249667 0.0399667 0.112425
vn 0.0273753 0.999625 0
v 0.0370512 0.0370512 0.0721153
vn 0.707107 0.707107 0
v 0.0339171 0.0389171 0.0650635
vn 0.344145 0.938917 0
v 0.0339171 0.0389171 0.0763135
vn 0.344145 0.938917 0
v 0.0370512 0.0370512 0.0496153
vn 0.707107 0.707107 2.12957e-16
v 0.0339171 0.0389171 0.0425635
vn 0.343766 0.939055 -0.00101851
v 0.0339171 0.0389171 0.0538135
vn 0.344145 0.938917 1.39672e-16
v 0.0249667 0.0399667 0.044925
vn 0.027332 0.999625 -0.00146506
v 0.0249667 0.0399667 0.056175
vn 0.0273753 0.999625 0
v 0.0297334 0.0397334 0.0556502
vn 0.116466 0.993195 0
v 0.0370517 0.0370517 0.027264
vn 0.707105 0.707105 -0.00200749
v 0.0341519 0.0386854 0.0207347
vn 0.311275 0.949876 -0.0290476
v 0.0339504 0.0388838 0.0313885
vn 0.338583 0.940908 -0.00735689
v 0.0370818 0.0370818 0.00941934
vn 0.706595 0.706595 -0.0380533
v 0.0358136 0.0370818 0.00656584
vn 0.110056 0.90826 -0.403671
v 0.0347436 0.0381109 0.0118269
vn 0.221151 0.970274 -0.0982895
v 0.0278827 0.0370517 0.00663356
vn 0.00583714 0.913796 -0.406132
v 0.0260496 0.0388838 0.0136115
vn 0.0173692 0.987302 -0.157901
v 0.0307846 0.0386854 0.0131582
vn 0.0679302 0.987274 -0.143791
v 0.0179488 0.0370512 0.00663474
vn 0 0.913812 -0.406138
v 0.0160829 0.0389171 0.0136865
vn -1.91992e-17 0.98699 -0.160784
v 0.0210829 0.0389171 0.0136865
vn 0.0024087 0.987018 -0.160589
v 0.00794877 0.0370512 0.00663474
vn 3.21078e-16 0.913812 -0.406138
v 0.00608288 0.0389171 0.0136865
vn -5.03465e-16 0.98699 -0.160784
v 0.0110829 0.0389171 0.0136865
vn 0 0.98699 -0.160784
v 0.0150333 0.0399667 0.033825
vn -5.62996e-18 0.999926 -0.0121704
v 0.0200333 0.0399667 0.033825
vn 0.00329735 0.999921 -0.0121512
v 0.0152666 0.0397334 0.0230998
vn -5.35031e-18 0.998645 -0.0520466
v 0.0297668 0.0397001 0.0332252
vn 0.114549 0.993356 -0.0111022
v 0.0252332 0.0397001 0.0230248
vn 0.0251061 0.998374 -0.0511677
v 0.025 0.0399334 0.03375
vn 0.0269253 0.999566 -0.0119668
v 0.005 0.04 0.07875
vn 0 1 0
v 0.015 0.04 0.07875
vn 0 1 0
v 0.01 0.04 0.07875
vn 0 1 0
v 0.005 0.04 0.05625
vn 0 1 0
v 0.005 0.04 0.0675
vn 0 1 0
v 0.0249667 0.0399667 0.078675
vn 0.0273753 0.999625 0
v 0.02 0.04 0.07875
vn 0.00334307 0.999994 0
v 0.0297334 0.0397334 0.0781502
vn 0.116466 0.993195 0
v 0.02 0.04 0.05625
vn 0.00334307 0.999994 0
v 0.0249667 0.0399667 0.067425
vn 0.0273753 0.999625 0
v 0.0100333 0.0399667 0.033825
vn -4.47198e-16 0.999926 -0.0121704
v 0.015 0.04 0.045
vn 0 0.999999 -0.00148581
v 0.00526656 0.0397334 0.0230998
vn 9.6465e-18 0.998645 -0.0520466
v 0.005 0.04 0.045
vn 0 0.999999 -0.00148581
v 0.00503332 0.0399667 0.033825
vn 4.58918e-16 0.999926 -0.0121704
v 0.015 0.04 0.0675
vn 0 1 0
v 0.015 0.04 0.05625
vn 0 1 0
v 0.01 0.04 0.05625
vn 0 1 0
v -0.0366701 0.0366701 0.0187422
vn -0.703866 0.703866 -0.0956312
v -0.0337838 0.0387838 0.0252364
vn -0.336197 0.94101 -0.0383648
v -0.0370491 0.0370491 0.0403894
vn -0.707104 0.707104 -0.00271677
v -0.0339171 0.0389171 0.0474365
vn -0.344032 0.938958 -0.000435734
v -0.0339067 0.0389067 0.0362099
vn -0.342617 0.939452 -0.00656148
v -0.0249667 0.0399667 0.045075
vn -0.0271619 0.99963 -0.0013025
v -0.0297105 0.0397105 0.0344013
vn -0.11397 0.993437 -0.00968476
v -0.0370512 0.0370512 0.0628847
vn -0.707107 0.707107 1.06479e-16
v -0.0339171 0.0389171 0.0699365
vn -0.344145 0.938917 0
v -0.0339171 0.0389171 0.0586865
vn -0.344145 0.938917 -2.20579e-16
v -0.0370512 0.0370512 0.0853847
vn -0.707107 0.707107 -1.06479e-16
v -0.0339171 0.0389171 0.0924365
vn -0.344145 0.938917 2.20725e-16
v -0.0339171 0.0389171 0.0811865
vn -0.344145 0.938917 0
v -0.0249667 0.0399667 0.090075
vn -0.0273753 0.999625 -2.8651e-18
v -0.0249667 0.0399667 0.078825
vn -0.0273753 0.999625 3.22186e-19
v -0.0297334 0.0397334 0.0793498
vn -0.116466 0.993195 0
v -0.015 0.04 0.09
vn 0 1 0
v -0.015 0.04 0.07875
vn 0 1 0
v -0.02 0.04 0.07875
vn -0.00334307 0.999994 3.14763e-19
v -0.005 0.04 0.09
vn 0 1 0
v -0.01 0.04 0.07875
vn 0 1 0
v -0.02 0.04 0.05625
vn -0.00334307 0.999994 -7.37116e-19
v -0.015 0.04 0.0675
vn 0 1 0
v -0.0297334 0.0397334 0.0568498
vn -0.116466 0.993195 3.20821e-18
v -0.0249667 0.0399667 0.067575
vn -0.0273753 0.999625 -1.98484e-16
v -0.0249667 0.0399667 0.056325
vn -0.0273753 0.999625 2.01286e-16
v -0.0370512 0.0370512 0.107885
vn -0.707107 0.707107 0
v -0.0339171 0.0389171 0.114936
vn -0.344145 0.938917 0
v -0.0339171 0.0389171 0.103686
vn -0.344145 0.938917 -2.20579e-16
v -0.0370512 0.0370512 0.130385
vn -0.707107 0.707107 -1.06479e-16
v -0.0339171 0.0389171 0.137436
vn -0.343766 0.939055 0.00101851
v -0.0339171 0.0389171 0.126186
vn -0.344145 0.938917 0
v -0.0249667 0.0399667 0.135075
vn -0.027332 0.999625 0.00146506
v -0.0249667 0.0399667 0.123825
vn -0.0273753 0.999625 -2.81414e-18
v -0.0297334 0.0397334 0.12435
vn -0.116466 0.993195 -2.66056e-18
v -0.0370517 0.0370517 0.152736
vn -0.707105 0.707105 0.00200749
v -0.0341519 0.0386854 0.159265
vn -0.311275 0.949876 0.0290476
v -0.0339504 0.0388838 0.148612
vn -0.338583 0.940908 0.00735689
v -0.0370818 0.0370818 0.170581
vn -0.706595 0.706595 0.0380533
v -0.0358136 0.0370818 0.173434
vn -0.110056 0.90826 0.403671
v -0.0347436 0.0381109 0.168173
vn -0.221151 0.970274 0.0982895
v -0.0278827 0.0370517 0.173366
vn -0.00583714 0.913796 0.406132
v -0.0260496 0.0388838 0.166388
vn -0.0173692 0.987302 0.157901
v -0.0307846 0.0386854 0.166842
vn -0.0679302 0.987274 0.143791
v -0.0179488 0.0370512 0.173365
vn 3.11905e-16 0.913812 0.406138
v -0.0160829 0.0389171 0.166314
vn 9.05468e-17 0.98699 0.160784
v -0.0210829 0.0389171 0.166314
vn -0.0024087 0.987018 0.160589
v -0.00794877 0.0370512 0.173365
vn -3.11905e-16 0.913812 0.406138
v -0.00608288 0.0389171 0.166314
vn -9.05468e-17 0.98699 0.160784
v -0.0110829 0.0389171 0.166314
vn 0 0.98699 0.160784
v -0.0150333 0.0399667 0.146175
vn 0 0.999926 0.0121704
v -0.0200333 0.0399667 0.146175
vn -0.00329735 0.999921 0.0121512
v -0.0152666 0.0397334 0.1569
vn 9.59061e-17 0.998645 0.0520466
v -0.0297668 0.0397001 0.146775
vn -0.114549 0.993356 0.0111022
v -0.0252332 0.0397001 0.156975
vn -0.0251061 0.998374 0.0511677
v -0.025 0.0399334 0.14625
vn -0.0269253 0.999566 0.0119668
v 0.00205123 0.0370512 0.173365
vn 0 0.913812 0.406138
v 0.00391712 0.0389171 0.166314
vn 9.05468e-17 0.98699 0.160784
v -0.00108288 0.0389171 0.166314
vn 0 0.98699 0.160784
v 0.0120512 0.0370512 0.173365
vn -1.15735e-15 0.913812 0.406138
v 0.0139171 0.0389171 0.166314
vn -3.9109e-16 0.98699 0.160784
v 0.00891712 0.0389171 0.166314
vn -9.47802e-17 0.98699 0.160784
v 0.00496668 0.0399667 0.146175
vn -1.97049e-17 0.999926 0.0121704
v -3.33195e-05 0.0399667 0.146175
vn 1.9337e-17 0.999926 0.0121704
v 0.00473344 0.0397334 0.1569
vn -3.90154e-18 0.998645 0.0520466
v 0.0220491 0.0370491 0.173361
vn 0.00789941 0.913783 0.406126
v 0.0239067 0.0389067 0.16629
vn 0.0155105 0.986998 0.159981
v 0.0189171 0.0389171 0.166314
vn 0.00103056 0.986998 0.160726
v 0.0316701 0.0366701 0.172508
vn 0.26905 0.880116 0.391163
v 0.0287838 0.0387838 0.166014
vn 0.0902275 0.983598 0.156183
v 0.0199667 0.0399667 0.146175
vn 0.00293149 0.999923 0.0120755
v 0.0247105 0.0397105 0.156849
vn 0.021901 0.998463 0.0509097
v 0.01 0.04 0.12375
vn 0 1 0
v 0.015 0.04 0.135
vn 0 0.999999 0.00148581
v -7.0562e-18 0.04 0.10125
vn 0 1 0
v 0.005 0.04 0.1125
vn 0 1 0
v -7.0562e-18 0.04 0.12375
vn 0 1 0
v 0.005 0.04 0.135
vn 0 0.999999 0.00148581
v 0.005 0.04 0.12375
vn 0 1 0
v 0.0147334 0.0397334 0.1569
vn 0 0.998645 0.0520466
v 0.0149667 0.0399667 0.146175
vn 0 0.999926 0.0121704
v 0.00996668 0.0399667 0.146175
vn 0 0.999926 0.0121704
v -0.0297334 0.0397334 0.10185
vn -0.116466 0.993195 3.20821e-18
v -0.02 0.04 0.12375
vn -0.00334307 0.999994 0
v -0.0249667 0.0399667 0.112575
vn -0.0273753 0.999625 -1.98484e-16
v -0.02 0.04 0.10125
vn -0.00334307 0.999994 -3.93454e-19
v -0.0249667 0.0399667 0.101325
vn -0.0273753 0.999625 2.01638e-16
v -0.0100333 0.0399667 0.146175
vn -1.97049e-17 0.999926 0.0121704
v -0.015 0.04 0.135
vn 0 0.999999 0.00148581
v -0.00526656 0.0397334 0.1569
vn -9.63056e-17 0.998645 0.0520466
v -0.005 0.04 0.135
vn 0 0.999999 0.00148581
v -0.00503332 0.0399667 0.146175
vn 0 0.999926 0.0121704
v -0.005 0.04 0.1125
vn 0 1 0
v -0.005 0.04 0.12375
vn 0 1 0
v -0.005 0.04 0.10125
vn 0 1 0
v -0.015 0.04 0.10125
vn 0 1 0
v -0.01 0.04 0.10125
vn 0 1 0
v -0.015 0.04 0.12375
vn 0 1 0
v -0.01 0.04 0.12375
vn 0 1 0
v -0.015 0.04 0.1125
vn 0 1 0
v -0.0370818 -0.0370818 0.00941934
vn -0.706595 -0.706595 -0.0380533
v -0.0381109 -0.0347436 0.0118269
vn -0.970274 -0.221151 -0.0982895
v -0.0370818 -0.0358136 0.00656584
vn -0.90826 -0.110056 -0.403671
v -0.0370517 -0.0370517 0.027264
vn -0.707105 -0.707105 -0.00200749
v -0.0388838 -0.0339504 0.0313885
vn -0.940908 -0.338583 -0.00735689
v -0.0386854 -0.0341519 0.0207347
vn -0.949876 -0.311275 -0.0290476
v -0.0388838 -0.0260496 0.0136115
vn -0.987302 -0.0173692 -0.157901
v -0.0370517 -0.0278827 0.00663356
vn -0.913796 -0.00583714 -0.406132
v -0.0386854 -0.0307846 0.0131582
vn -0.987274 -0.0679302 -0.143791
v -0.0370512 -0.0370512 0.0496153
vn -0.707107 -0.707107 0
v -0.0389171 -0.0339171 0.0538135
vn -0.938917 -0.344145 0
v -0.0389171 -0.0339171 0.0425635
vn -0.939055 -0.343766 -0.00101851
v -0.0370512 -0.0370512 0.0721153
vn -0.707107 -0.707107 0
v -0.0389171 -0.0339171 0.0763135
vn -0.938917 -0.344145 0
v -0.0389171 -0.0339171 0.0650635
vn -0.938917 -0.344145 0
v -0.0399667 -0.0249667 0.056175
vn -0.999625 -0.0273753 -2.8651e-18
v -0.0399667 -0.0249667 0.044925
vn -0.999625 -0.027332 -0.00146506
v -0.0397334 -0.0297334 0.0556502
vn -0.993195 -0.116466 0
v -0.0399667 -0.0150333 0.033825
vn -0.999926 4.57115e-18 -0.0121704
v -0.0397334 -0.0152666 0.0230998
vn -0.998645 -4.68152e-18 -0.0520466
v -0.0399667 -0.0200333 0.033825
vn -0.999921 -0.00329735 -0.0121512
v -0.0389171 -0.00608288 0.0136865
vn -0.98699 1.85944e-17 -0.160784
v -0.0370512 -0.00794877 0.00663474
vn -0.913812 0 -0.406138
v -0.0389171 -0.0110829 0.0136865
vn -0.98699 -1.85944e-17 -0.160784
v -0.0370512 -0.0179488 0.00663474
vn -0.913812 0 -0.406138
v -0.0389171 -0.0210829 0.0136865
vn -0.987018 -0.0024087 -0.160589
v -0.0389171 -0.0160829 0.0136865
vn -0.98699 -1.85944e-17 -0.160784
v -0.0397001 -0.0297668 0.0332252
vn -0.993356 -0.114549 -0.0111022
v -0.0399334 -0.025 0.03375
vn -0.999566 -0.0269253 -0.0119668
v -0.0397001 -0.0252332 0.0230248
vn -0.998374 -0.0251061 -0.0511677
v -0.0370512 -0.0370512 0.0946153
vn -0.707107 -0.707107 0
v -0.0389171 -0.0339171 0.0988135
vn -0.938917 -0.344145 0
v -0.0389171 -0.0339171 0.0875635
vn -0.938917 -0.344145 0
v -0.0370512 -0.0370512 0.117115
vn -0.707107 -0.707107 0
v -0.0389171 -0.0339171 0.121314
vn -0.938917 -0.344145 0
v -0.0389171 -0.0339171 0.110064
vn -0.938917 -0.344145 0
v -0.0399667 -0.0249667 0.101175
vn -0.999625 -0.0273753 -3.1659e-18
v -0.0399667 -0.0249667 0.089925
vn -0.999625 -0.0273753 -2.81414e-18
v -0.0397334 -0.0297334 0.10065
vn -0.993195 -0.116466 -2.66056e-18
v -0.0370491 -0.0370491 0.139611
vn -0.707104 -0.707104 0.00271677
v -0.0389067 -0.0339067 0.14379
vn -0.939452 -0.342617 0.00656148
v -0.0389171 -0.0339171 0.132564
vn -0.938958 -0.344032 0.000435734
v -0.0366701 -0.0366701 0.161258
vn -0.703866 -0.703866 0.0956312
v -0.0382153 -0.0332153 0.164734
vn -0.937655 -0.317611 0.14116
v -0.0387838 -0.0337838 0.154764
vn -0.94101 -0.336197 0.0383648
v -0.0399354 -0.0249354 0.146105
vn -0.999603 -0.0257562 0.0114472
v -0.0399667 -0.0249667 0.134925
vn -0.99963 -0.0271619 0.0013025
v -0.0397105 -0.0297105 0.145599
vn -0.993437 -0.11397 0.00968476
v -0.04 -0.015 0.12375
vn -1 0 0
v -0.04 -0.015 0.1125
vn -1 0 0
v -0.04 -0.02 0.12375
vn -0.999994 -0.00334307 3.14763e-19
v -0.04 -0.005 0.10125
vn -1 0 0
v -0.04 -0.005 0.09
vn -1 0 0
v -0.04 -0.01 0.10125
vn -1 0 0
v -0.04 -0.015 0.09
vn -1 0 0
v -0.04 -0.02 0.10125
vn -0.999994 -0.00334307 -3.43662e-19
v -0.04 -0.015 0.10125
vn -1 0 0
v -0.0397334 -0.0297334 0.12315
vn -0.993195 -0.116466 2.66056e-18
v -0.0399667 -0.0249667 0.123675
vn -0.999625 -0.0273753 2.81414e-18
v -0.0399667 -0.0249667 0.112425
vn -0.999625 -0.0273753 2.81414e-18
v -0.04 0.005 0.07875
vn -1 0 0
v -0.04 0.005 0.0675
vn -1 0 0
v -0.04 -1.24025e-17 0.07875
vn -1 0 0
v -0.04 0.015 0.05625
vn -1 0 0
v -0.04 0.015 0.045
vn -0.999999 -6.87327e-19 -0.00148581
v -0.04 0.01 0.05625
vn -1 0 0
v -0.04 0.005 0.045
vn -0.999999 6.87327e-19 -0.00148581
v -0.04 -1.24025e-17 0.05625
vn -1 0 0
v -0.04 0.005 0.05625
vn -1 0 0
v -0.0399354 0.0249354 0.0338953
vn -0.999603 0.0257562 -0.0114472
v -0.0397105 0.0247105 0.0231513
vn -0.998463 0.021901 -0.0509097
v -0.0399667 0.0199667 0.033825
vn -0.999923 0.00293149 -0.0120755
v -0.0382153 0.0332153 0.0152655
vn -0.937655 0.317611 -0.14116
v -0.0366701 0.0316701 0.00749219
vn -0.880116 0.26905 -0.391163
v -0.0387838 0.0287838 0.0139864
vn -0.983598 0.0902275 -0.156183
v -0.0370491 0.0220491 0.00663942
vn -0.913783 0.00789941 -0.406126
v -0.0389171 0.0189171 0.0136865
vn -0.986998 0.00103056 -0.160726
v -0.0389067 0.0239067 0.0137099
vn -0.986998 0.0155105 -0.159981
v -0.0370512 0.0120512 0.00663474
vn -0.913812 0 -0.406138
v -0.0389171 0.00891712 0.0136865
vn -0.98699 0 -0.160784
v -0.0389171 0.0139171 0.0136865
vn -0.98699 -1.85944e-17 -0.160784
v -0.0370512 0.00205123 0.00663474
vn -0.913812 1.83473e-17 -0.406138
v -0.0389171 -0.00108288 0.0136865
vn -0.98699 1.85944e-17 -0.160784
v -0.0389171 0.00391712 0.0136865
vn -0.98699 0 -0.160784
v -0.0399667 -3.33195e-05 0.033825
vn -0.999926 -5.62996e-18 -0.0121704
v -0.0399667 0.00496668 0.033825
vn -0.999926 4.57115e-18 -0.0121704
v -0.0397334 0.00473344 0.0230998
vn -0.998645 0 -0.0520466
v -0.0399667 0.0149667 0.033825
vn -0.999926 -5.62996e-18 -0.0121704
v -0.0397334 0.0147334 0.0230998
vn -0.998645 -4.68152e-18 -0.0520466
v -0.0399667 0.00996668 0.033825
vn -0.999926 4.57115e-18 -0.0121704
v -0.0397334 -0.0297334 0.0781502
vn -0.993195 -0.116466 2.66056e-18
v -0.04 -0.02 0.07875
vn -0.999994 -0.00334307 0
v -0.0399667 -0.0249667 0.078675
vn -0.999625 -0.0273753 2.81414e-18
v -0.04 -0.02 0.05625
vn -0.999994 -0.00334307 -3.93454e-19
v -0.0399667 -0.0249667 0.067425
vn -0.999625 -0.0273753 -5.09661e-20
v -0.04 -0.01 0.07875
vn -1 0 0
v -0.04 -0.015 0.07875
vn -1 0 0
v -0.04 -0.005 0.07875
vn -1 0 0
v -0.04 -0.005 0.05625
vn -1 0 0
v -0.04 -0.005 0.0675
vn -1 0 0
v -0.0399667 -0.00503332 0.033825
vn -0.999926 -5.62996e-18 -0.0121704
v -0.04 -0.005 0.045
vn -0.999999 -6.87327e-19 -0.00148581
v -0.0397334 -0.00526656 0.0230998
vn -0.998645 4.68152e-18 -0.0520466
v -0.04 -0.015 0.045
vn -0.999999 6.87327e-19 -0.00148581
v -0.0399667 -0.0100333 0.033825
vn -0.999926 4.57115e-18 -0.0121704
v -0.04 -0.015 0.0675
vn -1 0 0
v -0.04 -0.01 0.05625
vn -1 0 0
v -0.04 -0.015 0.05625
vn -1 0 0
v -0.0366701 -0.0316701 0.172508
vn -0.880116 -0.26905 0.391163
v -0.0387838 -0.0287838 0.166014
vn -0.983598 -0.0902275 0.156183
v -0.0370491 -0.0220491 0.173361
vn -0.913783 -0.00789941 0.406126
v -0.0389171 -0.0189171 0.166314
vn -0.986998 -0.00103056 0.160726
v -0.0389067 -0.0239067 0.16629
vn -0.986998 -0.0155105 0.159981
v -0.0399667 -0.0199667 0.146175
vn -0.999923 -0.00293149 0.0120755
v -0.0397105 -0.0247105 0.156849
vn -0.998463 -0.021901 0.0509097
v -0.0370512 -0.0120512 0.173365
vn -0.913812 4.67857e-16 0.406138
v -0.0389171 -0.00891712 0.166314
vn -0.98699 9.05468e-17 0.160784
v -0.0389171 -0.0139171 0.166314
vn -0.98699 0 0.160784
v -0.0370512 -0.00205123 0.173365
vn -0.913812 -4.71061e-16 0.406138
v -0.0389171 0.00108288 0.166314
vn -0.98699 0 0.160784
v -0.0389171 -0.00391712 0.166314
vn -0.98699 -8.80102e-17 0.160784
v -0.0399667 3.33195e-05 0.146175
vn -0.999926 -1.97049e-17 0.0121704
v -0.0399667 -0.00496668 0.146175
vn -0.999926 1.9337e-17 0.0121704
v -0.0397334 -0.00473344 0.1569
vn -0.998645 1.69891e-18 0.0520466
v -0.04 -5.46359e-18 0.12375
vn -1 0 0
v -0.04 -0.005 0.12375
vn -1 0 0
v -0.04 -0.005 0.135
vn -0.999999 0 0.00148581
v -0.04 -5.46359e-18 0.10125
vn -1 0 0
v -0.04 -0.005 0.1125
vn -1 0 0
v -0.04 -0.015 0.135
vn -0.999999 0 0.00148581
v -0.04 -0.01 0.12375
vn -1 0 0
v -0.0397334 -0.0147334 0.1569
vn -0.998645 0 0.0520466
v -0.0399667 -0.00996668 0.146175
vn -0.999926 0 0.0121704
v -0.0399667 -0.0149667 0.146175
vn -0.999926 0 0.0121704
v -0.0370512 0.00794877 0.173365
vn -0.913812 4.67857e-16 0.406138
v -0.0389171 0.0110829 0.166314
vn -0.98699 9.05468e-17 0.160784
v -0.0389171 0.00608288 0.166314
vn -0.98699 0 0.160784
v -0.0370512 0.0179488 0.173365
vn -0.913812 0 0.406138
v -0.0389171 0.0210829 0.166314
vn -0.987018 0.0024087 0.160589
v -0.0389171 0.0160829 0.166314
vn -0.98699 -8.80102e-17 0.160784
v -0.0399667 0.0200333 0.146175
vn -0.999921 0.00329735 0.0121512
v -0.0399667 0.0150333 0.146175
vn -0.999926 1.9337e-17 0.0121704
v -0.0397334 0.0152666 0.1569
vn -0.998645 1.69891e-18 0.0520466
v -0.0370517 0.0278827 0.173366
vn -0.913796 0.00583714 0.406132
v -0.0386854 0.0307846 0.166842
vn -0.987274 0.0679302 0.143791
v -0.0388838 0.0260496 0.166388
vn -0.987302 0.0173692 0.157901
v -0.0370818 0.0358136 0.173434
vn -0.90826 0.110056 0.403671
v -0.0381109 0.0347436 0.168173
vn -0.970274 0.221151 0.0982895
v -0.0388838 0.0339504 0.148612
vn -0.940908 0.338583 0.00735689
v -0.0386854 0.0341519 0.159265
vn -0.949876 0.311275 0.0290476
v -0.0389171 0.0339171 0.126186
vn -0.938917 0.344145 -1.39672e-16
v -0.0389171 0.0339171 0.137436
vn -0.939055 0.343766 0.00101851
v -0.0389171 0.0339171 0.103686
vn -0.938917 0.344145 1.4151e-16
v -0.0389171 0.0339171 0.114936
vn -0.938917 0.344145 0
v -0.0399667 0.0249667 0.123825
vn -0.999625 0.0273753 0
v -0.0399667 0.0249667 0.135075
vn -0.999625 0.027332 0.00146506
v -0.0397334 0.0297334 0.12435
vn -0.993195 0.116466 0
v -0.0397001 0.0252332 0.156975
vn -0.998374 0.0251061 0.0511677
v -0.0397001 0.0297668 0.146775
vn -0.993356 0.114549 0.0111022
v -0.0399334 0.025 0.14625
vn -0.999566 0.0269253 0.0119668
v -0.0389171 0.0339171 0.0811865
vn -0.938917 0.344145 -1.39672e-16
v -0.0389171 0.0339171 0.0924365
vn -0.938917 0.344145 1.83782e-18
v -0.0389171 0.0339171 0.0586865
vn -0.938917 0.344145 1.39672e-16
v -0.0389171 0.0339171 0.0699365
vn -0.938917 0.344145 1.39672e-16
v -0.0399667 0.0249667 0.078825
vn -0.999625 0.0273753 0
v -0.0399667 0.0249667 0.090075
vn -0.999625 0.0273753 0
v -0.0397334 0.0297334 0.0793498
vn -0.993195 0.116466 0
v -0.0389067 0.0339067 0.0362099
vn -0.939452 0.342617 -0.00656148
v -0.0389171 0.0339171 0.0474365
vn -0.938958 0.344032 -0.000435734
v -0.0387838 0.0337838 0.0252364
vn -0.94101 0.336197 -0.0383648
v -0.0399667 0.0249667 0.045075
vn -0.99963 0.0271619 -0.0013025
v -0.0397105 0.0297105 0.0344013
vn -0.993437 0.11397 -0.00968476
v -0.04 0.015 0.0675
vn -1 0 0
v -0.04 0.02 0.05625
vn -0.999994 0.00334307 0
v -0.04 0.005 0.09
vn -1 0 0
v -0.04 0.01 0.07875
vn -1 0 0
v -0.04 0.015 0.09
vn -1 0 0
v -0.04 0.02 0.07875
vn -0.999994 0.00334307 0
v -0.04 0.015 0.07875
vn -1 0 0
v -0.0397334 0.0297334 0.0568498
vn -0.993195 0.116466 0
v -0.0399667 0.0249667 0.056325
vn -0.999625 0.0273753 0
v -0.0399667 0.0249667 0.067575
vn -0.999625 0.0273753 0
v -0.0397334 0.00526656 0.1569
vn -0.998645 0 0.0520466
v -0.04 0.015 0.135
vn -0.999999 0 0.00148581
v -0.0399667 0.0100333 0.146175
vn -0.999926 0 0.0121704
v -0.04 0.005 0.135
vn -0.999999 0 0.00148581
v -0.0399667 0.00503332 0.146175
vn -0.999926 0 0.0121704
v -0.0399667 0.0249667 0.112575
vn -0.999625 0.0273753 0
v -0.04 0.02 0.12375
vn -0.999994 0.00334307 0
v -0.0397334 0.0297334 0.10185
vn -0.993195 0.116466 3.72478e-17
v -0.04 0.02 0.10125
vn -0.999994 0.00334307 0
v -0.0399667 0.0249667 0.101325
vn -0.999625 0.0273753 0
v -0.04 0.01 0.10125
vn -1 0 0
v -0.04 0.015 0.10125
vn -1 0 0
v -0.04 0.005 0.10125
vn -1 0 0
v -0.04 0.005 0.12375
vn -1 0 0
v -0.04 0.005 0.1125
vn -1 0 0
v -0.04 0.015 0.12375
vn -1 0 0
v -0.04 0.015 0.1125
vn -1 0 0
v -0.04 0.01 0.12375
vn -1 0 0
v -0.0358136 -0.0370818 0.00656584
vn -0.110056 -0.90826 -0.403671
v -0.0347436 -0.0381109 0.0118269
vn -0.221151 -0.970274 -0.0982895
v -0.0278827 -0.0370517 0.00663356
vn -0.00583714 -0.913796 -0.406132
v -0.0260496 -0.0388838 0.0136115
vn -0.0173692 -0.987302 -0.157901
v -0.0307846 -0.0386854 0.0131582
vn -0.0679302 -0.987274 -0.143791
v -0.0339504 -0.0388838 0.0313885
vn -0.338583 -0.940908 -0.00735689
v -0.0341519 -0.0386854 0.0207347
vn -0.311275 -0.949876 -0.0290476
v -0.0179488 -0.0370512 0.00663474
vn 0 -0.913812 -0.406138
v -0.0160829 -0.0389171 0.0136865
vn 0 -0.98699 -0.160784
v -0.0210829 -0.0389171 0.0136865
vn -0.0024087 -0.987018 -0.160589
v -0.00794877 -0.0370512 0.00663474
vn 0 -0.913812 -0.406138
v -0.00608288 -0.0389171 0.0136865
vn 0 -0.98699 -0.160784
v -0.0110829 -0.0389171 0.0136865
vn 0 -0.98699 -0.160784
v -0.0150333 -0.0399667 0.033825
vn 0 -0.999926 -0.0121704
v -0.0200333 -0.0399667 0.033825
vn -0.00329735 -0.999921 -0.0121512
v -0.0152666 -0.0397334 0.0230998
vn 0 -0.998645 -0.0520466
v -0.0249667 -0.0399667 0.056175
vn -0.0273753 -0.999625 2.68762e-18
v -0.0297334 -0.0397334 0.0556502
vn -0.116466 -0.993195 0
v -0.0249667 -0.0399667 0.044925
vn -0.027332 -0.999625 -0.00146506
v -0.0339171 -0.0389171 0.0763135
vn -0.344145 -0.938917 0
v -0.0339171 -0.0389171 0.0650635
vn -0.344145 -0.938917 0
v -0.0339171 -0.0389171 0.0425635
vn -0.343766 -0.939055 -0.00101851
v -0.0339171 -0.0389171 0.0538135
vn -0.344145 -0.938917 0
v -0.0252332 -0.0397001 0.0230248
vn -0.0251061 -0.998374 -0.0511677
v -0.025 -0.0399334 0.03375
vn -0.0269253 -0.999566 -0.0119668
v -0.0297668 -0.0397001 0.0332252
vn -0.114549 -0.993356 -0.0111022
v 0.00205123 -0.0370512 0.00663474
vn -4.22723e-16 -0.913812 -0.406138
v 0.00391712 -0.0389171 0.0136865
vn 0 -0.98699 -0.160784
v -0.00108288 -0.0389171 0.0136865
vn -1.95545e-16 -0.98699 -0.160784
v 0.0120512 -0.0370512 0.00663474
vn 4.4107e-16 -0.913812 -0.406138
v 0.0139171 -0.0389171 0.0136865
vn 0 -0.98699 -0.160784
v 0.00891712 -0.0389171 0.0136865
vn 1.95545e-16 -0.98699 -0.160784
v 0.00496668 -0.0399667 0.033825
vn 0 -0.999926 -0.0121704
v -3.33195e-05 -0.0399667 0.033825
vn -4.57115e-18 -0.999926 -0.0121704
v 0.00473344 -0.0397334 0.0230998
vn 0 -0.998645 -0.0520466
v 0.0220491 -0.0370491 0.00663942
vn 0.00789941 -0.913783 -0.406126
v 0.0239067 -0.0389067 0.0137099
vn 0.0155105 -0.986998 -0.159981
v 0.0189171 -0.0389171 0.0136865
vn 0.00103056 -0.986998 -0.160726
v 0.0316701 -0.0366701 0.00749219
vn 0.26905 -0.880116 -0.391163
v 0.0332153 -0.0382153 0.0152655
vn 0.317611 -0.937655 -0.14116
v 0.0287838 -0.0387838 0.0139864
vn 0.0902275 -0.983598 -0.156183
v 0.0249354 -0.0399354 0.0338953
vn 0.0257562 -0.999603 -0.0114472
v 0.0199667 -0.0399667 0.033825
vn 0.00293149 -0.999923 -0.0120755
v 0.0247105 -0.0397105 0.0231513
vn 0.021901 -0.998463 -0.0509097
v 0.015 -0.04 0.05625
vn 0 -1 0
v 0.01 -0.04 0.05625
vn 0 -1 0
v 0.015 -0.04 0.045
vn 0 -0.999999 -0.00148581
v 0.005 -0.04 0.07875
vn 0 -1 0
v -7.0562e-18 -0.04 0.07875
vn 0 -1 0
v 0.005 -0.04 0.0675
vn 0 -1 0
v -7.0562e-18 -0.04 0.05625
vn 0 -1 0
v 0.005 -0.04 0.045
vn 0 -0.999999 -0.00148581
v 0.005 -0.04 0.05625
vn 0 -1 0
v 0.0147334 -0.0397334 0.0230998
vn 0 -0.998645 -0.0520466
v 0.0149667 -0.0399667 0.033825
vn 0 -0.999926 -0.0121704
v 0.00996668 -0.0399667 0.033825
vn 0 -0.999926 -0.0121704
v -0.005 -0.04 0.10125
vn 0 -1 0
v -0.01 -0.04 0.10125
vn 0 -1 0
v -0.005 -0.04 0.09
vn 0 -1 0
v -0.015 -0.04 0.12375
vn 0 -1 0
v -0.02 -0.04 0.12375
vn -0.00334307 -0.999994 3.43662e-19
v -0.015 -0.04 0.1125
vn 0 -1 0
v -0.02 -0.04 0.10125
vn -0.00334307 -0.999994 -3.14763e-19
v -0.015 -0.04 0.09
vn 0 -1 0
v -0.015 -0.04 0.10125
vn 0 -1 0
v -0.0249354 -0.0399354 0.146105
vn -0.0257562 -0.999603 0.0114472
v -0.0297105 -0.0397105 0.145599
vn -0.11397 -0.993437 0.00968476
v -0.0249667 -0.0399667 0.134925
vn -0.0271619 -0.99963 0.0013025
v -0.0332153 -0.0382153 0.164734
vn -0.317611 -0.937655 0.14116
v -0.0337838 -0.0387838 0.154764
vn -0.336197 -0.94101 0.0383648
v -0.0339171 -0.0389171 0.132564
vn -0.344032 -0.938958 0.000435734
v -0.0339067 -0.0389067 0.14379
vn -0.342617 -0.939452 0.00656148
v -0.0339171 -0.0389171 0.110064
vn -0.344145 -0.938917 0
v -0.0339171 -0.0389171 0.121314
vn -0.344145 -0.938917 0
v -0.0339171 -0.0389171 0.0875635
vn -0.344145 -0.938917 0
v -0.0339171 -0.0389171 0.0988135
vn -0.344145 -0.938917 0
v -0.0249667 -0.0399667 0.089925
vn -0.0273753 -0.999625 3.51767e-19
v -0.0249667 -0.0399667 0.101175
vn -0.0273753 -0.999625 -3.22186e-19
v -0.0297334 -0.0397334 0.10065
vn -0.116466 -0.993195 0
v -0.0249667 -0.0399667 0.123675
vn -0.0273753 -0.999625 -2.28489e-18
v -0.0297334 -0.0397334 0.12315
vn -0.116466 -0.993195 -2.08871e-18
v -0.0249667 -0.0399667 0.112425
vn -0.0273753 -0.999625 -2.28489e-18
v -0.00526656 -0.0397334 0.0230998
vn 5.35031e-18 -0.998645 -0.0520466
v -0.005 -0.04 0.045
vn 0 -0.999999 -0.00148581
v -0.00503332 -0.0399667 0.033825
vn 1.76256e-18 -0.999926 -0.0121704
v -0.015 -0.04 0.045
vn -6.87327e-19 -0.999999 -0.00148581
v -0.0100333 -0.0399667 0.033825
vn 4.92622e-18 -0.999926 -0.0121704
v -0.005 -0.04 0.0675
vn 0 -1 0
v -0.005 -0.04 0.05625
vn 0 -1 0
v -0.005 -0.04 0.07875
vn 0 -1 0
v -0.015 -0.04 0.07875
vn 0 -1 0
v -0.01 -0.04 0.07875
vn 0 -1 0
v -0.0249667 -0.0399667 0.078675
vn -0.0273753 -0.999625 -3.22186e-19
v -0.02 -0.04 0.07875
vn -0.00334307 -0.999994 2.88989e-20
v -0.0297334 -0.0397334 0.0781502
vn -0.116466 -0.993195 0
v -0.02 -0.04 0.05625
vn -0.00334307 -0.999994 7.37116e-19
v -0.0249667 -0.0399667 0.067425
vn -0.0273753 -0.999625 2.28489e-18
v -0.01 -0.04 0.05625
vn 0 -1 0
v -0.015 -0.04 0.0675
vn 0 -1 0
v -0.015 -0.04 0.05625
vn 0 -1 0
v 0.0366701 -0.0366701 0.0187422
vn 0.703866 -0.703866 -0.0956312
v 0.0337838 -0.0387838 0.0252364
vn 0.336197 -0.94101 -0.0383648
v 0.0370491 -0.0370491 0.0403894
vn 0.707104 -0.707104 -0.00271677
v 0.0339171 -0.0389171 0.0474365
vn 0.344032 -0.938958 -0.000435734
v 0.0339067 -0.0389067 0.0362099
vn 0.342617 -0.939452 -0.00656148
v 0.0249667 -0.0399667 0.045075
vn 0.0271619 -0.99963 -0.0013025
v 0.0297105 -0.0397105 0.0344013
vn 0.11397 -0.993437 -0.00968476
v 0.0370512 -0.0370512 0.0628847
vn 0.707107 -0.707107 -1.06479e-16
v 0.0339171 -0.0389171 0.0699365
vn 0.344145 -0.938917 -1.39672e-16
v 0.0339171 -0.0389171 0.0586865
vn 0.344145 -0.938917 0
v 0.0370512 -0.0370512 0.0853847
vn 0.707107 -0.707107 0
v 0.0339171 -0.0389171 0.0924365
vn 0.344145 -0.938917 0
v 0.0339171 -0.0389171 0.0811865
vn 0.344145 -0.938917 0
v 0.0249667 -0.0399667 0.090075
vn 0.0273753 -0.999625 0
v 0.0249667 -0.0399667 0.078825
vn 0.0273753 -0.999625 0
v 0.0297334 -0.0397334 0.0793498
vn 0.116466 -0.993195 0
v 0.015 -0.04 0.09
vn 0 -1 0
v 0.015 -0.04 0.07875
vn 0 -1 0
v 0.02 -0.04 0.07875
vn 0.00334307 -0.999994 0
v 0.005 -0.04 0.09
vn 0 -1 0
v 0.01 -0.04 0.07875
vn 0 -1 0
v 0.02 -0.04 0.05625
vn 0.00334307 -0.999994 0
v 0.015 -0.04 0.0675
vn 0 -1 0
v 0.0297334 -0.0397334 0.0568498
vn 0.116466 -0.993195 3.72478e-17
v 0.0249667 -0.0399667 0.067575
vn 0.0273753 -0.999625 0
v 0.0249667 -0.0399667 0.056325
vn 0.0273753 -0.999625 0
v 0.0370512 -0.0370512 0.107885
vn 0.707107 -0.707107 1.06479e-16
v 0.0339171 -0.0389171 0.114936
vn 0.344145 -0.938917 1.39672e-16
v 0.0339171 -0.0389171 0.103686
vn 0.344145 -0.938917 1.39672e-16
v 0.0370512 -0.0370512 0.130385
vn 0.707107 -0.707107 -1.06479e-16
v 0.0339171 -0.0389171 0.137436
vn 0.343766 -0.939055 0.00101851
v 0.0339171 -0.0389171 0.126186
vn 0.344145 -0.938917 -1.39672e-16
v 0.0249667 -0.0399667 0.135075
vn 0.027332 -0.999625 0.00146506
v 0.0249667 -0.0399667 0.123825
vn 0.0273753 -0.999625 0
v 0.0297334 -0.0397334 0.12435
vn 0.116466 -0.993195 0
v 0.0370517 -0.0370517 0.152736
vn 0.707105 -0.707105 0.00200749
v 0.0341519 -0.0386854 0.159265
vn 0.311275 -0.949876 0.0290476
v 0.0339504 -0.0388838 0.148612
vn 0.338583 -0.940908 0.00735689
v 0.0370818 -0.0370818 0.170581
vn 0.706595 -0.706595 0.0380533
v 0.0358136 -0.0370818 0.173434
vn 0.110056 -0.90826 0.403671
v 0.0347436 -0.0381109 0.168173
vn 0.221151 -0.970274 0.0982895
v 0.0278827 -0.0370517 0.173366
vn 0.00583714 -0.913796 0.406132
v 0.0260496 -0.0388838 0.166388
vn 0.0173692 -0.987302 0.157901
v 0.0307846 -0.0386854 0.166842
vn 0.0679302 -0.987274 0.143791
v 0.0179488 -0.0370512 0.173365
vn 0 -0.913812 0.406138
v 0.0160829 -0.0389171 0.166314
vn -9.05468e-17 -0.98699 0.160784
v 0.0210829 -0.0389171 0.166314
vn 0.0024087 -0.987018 0.160589
v 0.00794877 -0.0370512 0.173365
vn 0 -0.913812 0.406138
v 0.00608288 -0.0389171 0.166314
vn 9.05468e-17 -0.98699 0.160784
v 0.0110829 -0.0389171 0.166314
vn 0 -0.98699 0.160784
v 0.0150333 -0.0399667 0.146175
vn 0 -0.999926 0.0121704
v 0.0200333 -0.0399667 0.146175
vn 0.00329735 -0.999921 0.0121512
v 0.0152666 -0.0397334 0.1569
vn -9.59061e-17 -0.998645 0.0520466
v 0.0297668 -0.0397001 0.146775
vn 0.114549 -0.993356 0.0111022
v 0.0252332 -0.0397001 0.156975
vn 0.0251061 -0.998374 0.0511677
v 0.025 -0.0399334 0.14625
vn 0.0269253 -0.999566 0.0119668
v -0.00205123 -0.0370512 0.173365
vn 0 -0.913812 0.406138
v -0.00391712 -0.0389171 0.166314
vn 0 -0.98699 0.160784
v 0.00108288 -0.0389171 0.166314
vn 0 -0.98699 0.160784
v -0.0120512 -0.0370512 0.173365
vn 0 -0.913812 0.406138
v -0.0139171 -0.0389171 0.166314
vn 0 -0.98699 0.160784
v -0.00891712 -0.0389171 0.166314
vn 0 -0.98699 0.160784
v -0.00496668 -0.0399667 0.146175
vn 0 -0.999926 0.0121704
v 3.33195e-05 -0.0399667 0.146175
vn 0 -0.999926 0.0121704
v -0.00473344 -0.0397334 0.1569
vn 0 -0.998645 0.0520466
v -0.0220491 -0.0370491 0.173361
vn -0.00789941 -0.913783 0.406126
v -0.0239067 -0.0389067 0.16629
vn -0.0155105 -0.986998 0.159981
v -0.0189171 -0.0389171 0.166314
vn -0.00103056 -0.986998 0.160726
v -0.0316701 -0.0366701 0.172508
vn -0.26905 -0.880116 0.391163
v -0.0287838 -0.0387838 0.166014
vn -0.0902275 -0.983598 0.156183
v -0.0199667 -0.0399667 0.146175
vn -0.00293149 -0.999923 0.0120755
v -0.0247105 -0.0397105 0.156849
vn -0.021901 -0.998463 0.0509097
v -0.01 -0.04 0.12375
vn 0 -1 0
v -0.015 -0.04 0.135
vn 0 -0.999999 0.00148581
v -1.17302e-19 -0.04 0.10125
vn 0 -1 0
v -0.005 -0.04 0.1125
vn 0 -1 0
v 6.82159e-18 -0.04 0.12375
vn 0 -1 0
v -0.005 -0.04 0.135
vn 0 -0.999999 0.00148581
v -0.005 -0.04 0.12375
vn 0 -1 0
v -0.0147334 -0.0397334 0.1569
vn 0 -0.998645 0.0520466
v -0.0149667 -0.0399667 0.146175
vn 0 -0.999926 0.0121704
v -0.00996668 -0.0399667 0.146175
vn 0 -0.999926 0.0121704
v 0.0297334 -0.0397334 0.10185
vn 0.116466 -0.993195 0
v 0.02 -0.04 0.12375
vn 0.00334307 -0.999994 0
v 0.0249667 -0.0399667 0.112575
vn 0.0273753 -0.999625 0
v 0.02 -0.04 0.10125
vn 0.00334307 -0.999994 0
v 0.0249667 -0.0399667 0.101325
vn 0.0273753 -0.999625 0
v 0.0100333 -0.0399667 0.146175
vn 1.97049e-17 -0.999926 0.0121704
v 0.015 -0.04 0.135
vn 0 -0.999999 0.00148581
v 0.00526656 -0.0397334 0.1569
vn 9.63056e-17 -0.998645 0.0520466
v 0.005 -0.04 0.135
vn 0 -0.999999 0.00148581
v 0.00503332 -0.0399667 0.146175
vn 0 -0.999926 0.0121704
v 0.005 -0.04 0.1125
vn 0 -1 0
v 0.005 -0.04 0.12375
vn 0 -1 0
v 0.005 -0.04 0.10125
vn 0 -1 0
v 0.015 -0.04 0.10125
vn 0 -1 0
v 0.01 -0.04 0.10125
vn 0 -1 0
v 0.015 -0.04 0.12375
vn 0 -1 0
v 0.01 -0.04 0.12375
vn 0 -1 0
v 0.015 -0.04 0.1125
vn 0 -1 0
v 0.0366701 -0.0316701 0.00749219
vn 0.880116 -0.26905 -0.391163
v 0.0387838 -0.0287838 0.0139864
vn 0.983598 -0.0902275 -0.156183
v 0.0382153 -0.0332153 0.0152655
vn 0.937655 -0.317611 -0.14116
v 0.0370491 -0.0220491 0.00663942
vn 0.913783 -0.00789941 -0.406126
v 0.0389171 -0.0189171 0.0136865
vn 0.986998 -0.00103056 -0.160726
v 0.0389067 -0.0239067 0.0137099
vn 0.986998 -0.0155105 -0.159981
v 0.0399667 -0.0199667 0.033825
vn 0.999923 -0.00293149 -0.0120755
v 0.0399354 -0.0249354 0.0338953
vn 0.999603 -0.0257562 -0.0114472
v 0.0397105 -0.0247105 0.0231513
vn 0.998463 -0.021901 -0.0509097
v 0.0370512 -0.0120512 0.00663474
vn 0.913812 -3.11905e-16 -0.406138
v 0.0389171 -0.00891712 0.0136865
vn 0.98699 0 -0.160784
v 0.0389171 -0.0139171 0.0136865
vn 0.98699 -5.21291e-16 -0.160784
v 0.0370512 -0.00205123 0.00663474
vn 0.913812 -1.28003e-17 -0.406138
v 0.0389171 0.00108288 0.0136865
vn 0.98699 -6.46763e-18 -0.160784
v 0.0389171 -0.00391712 0.0136865
vn 0.98699 6.46763e-18 -0.160784
v 0.0399667 3.33195e-05 0.033825
vn 0.999926 0 -0.0121704
v 0.0399667 -0.00496668 0.033825
vn 0.999926 6.44567e-19 -0.0121704
v 0.0397334 -0.00473344 0.0230998
vn 0.998645 0 -0.0520466
v 0.04 -5.46359e-18 0.05625
vn 1 0 0
v 0.04 -0.005 0.05625
vn 1 0 0
v 0.04 -0.005 0.045
vn 0.999999 -5.77981e-20 -0.00148581
v 0.04 1.4753e-18 0.07875
vn 1 0 0
v 0.04 -0.005 0.07875
vn 1 0 0
v 0.04 -0.005 0.0675
vn 1 0 0
v 0.04 -0.015 0.05625
vn 1 0 0
v 0.04 -0.015 0.045
vn 0.999999 0 -0.00148581
v 0.04 -0.01 0.05625
vn 1 0 0
v 0.0397334 -0.0147334 0.0230998
vn 0.998645 1.38787e-20 -0.0520466
v 0.0399667 -0.00996668 0.033825
vn 0.999926 -4.53762e-16 -0.0121704
v 0.0399667 -0.0149667 0.033825
vn 0.999926 4.52486e-16 -0.0121704
v 0.0370512 0.00794877 0.00663474
vn 0.913812 -3.21078e-16 -0.406138
v 0.0389171 0.0110829 0.0136865
vn 0.98699 0 -0.160784
v 0.0389171 0.00608288 0.0136865
vn 0.98699 0 -0.160784
v 0.0370512 0.0179488 0.00663474
vn 0.913812 0 -0.406138
v 0.0389171 0.0210829 0.0136865
vn 0.987018 0.0024087 -0.160589
v 0.0389171 0.0160829 0.0136865
vn 0.98699 0 -0.160784
v 0.0399667 0.0200333 0.033825
vn 0.999921 0.00329735 -0.0121512
v 0.0399667 0.0150333 0.033825
vn 0.999926 -5.86028e-18 -0.0121704
v 0.0397334 0.0152666 0.0230998
vn 0.998645 0 -0.0520466
v 0.0370517 0.0278827 0.00663356
vn 0.913796 0.00583714 -0.406132
v 0.0386854 0.0307846 0.0131582
vn 0.987274 0.0679302 -0.143791
v 0.0388838 0.0260496 0.0136115
vn 0.987302 0.0173692 -0.157901
v 0.0370818 0.0358136 0.00656584
vn 0.90826 0.110056 -0.403671
v 0.0381109 0.0347436 0.0118269
vn 0.970274 0.221151 -0.0982895
v 0.0388838 0.0339504 0.0313885
vn 0.940908 0.338583 -0.00735689
v 0.0386854 0.0341519 0.0207347
vn 0.949876 0.311275 -0.0290476
v 0.0389171 0.0339171 0.0538135
vn 0.938917 0.344145 1.39672e-16
v 0.0389171 0.0339171 0.0425635
vn 0.939055 0.343766 -0.00101851
v 0.0389171 0.0339171 0.0763135
vn 0.938917 0.344145 7.92149e-17
v 0.0389171 0.0339171 0.0650635
vn 0.938917 0.344145 0
v 0.0399667 0.0249667 0.056175
vn 0.999625 0.0273753 0
v 0.0399667 0.0249667 0.044925
vn 0.999625 0.027332 -0.00146506
v 0.0397334 0.0297334 0.0556502
vn 0.993195 0.116466 0
v 0.0397001 0.0252332 0.0230248
vn 0.998374 0.0251061 -0.0511677
v 0.0397001 0.0297668 0.0332252
vn 0.993356 0.114549 -0.0111022
v 0.0399334 0.025 0.03375
vn 0.999566 0.0269253 -0.0119668
v 0.0389171 0.0339171 0.0988135
vn 0.938917 0.344145 0
v 0.0389171 0.0339171 0.0875635
vn 0.938917 0.344145 -3.62089e-16
v 0.0389171 0.0339171 0.121314
vn 0.938917 0.344145 3.60397e-16
v 0.0389171 0.0339171 0.110064
vn 0.938917 0.344145 1.39672e-16
v 0.0399667 0.0249667 0.101175
vn 0.999625 0.0273753 0
v 0.0399667 0.0249667 0.089925
vn 0.999625 0.0273753 0
v 0.0397334 0.0297334 0.10065
vn 0.993195 0.116466 0
v 0.0389067 0.0339067 0.14379
vn 0.939452 0.342617 0.00656148
v 0.0389171 0.0339171 0.132564
vn 0.938958 0.344032 0.000435734
v 0.0382153 0.0332153 0.164734
vn 0.937655 0.317611 0.14116
v 0.0387838 0.0337838 0.154764
vn 0.94101 0.336197 0.0383648
v 0.0399354 0.0249354 0.146105
vn 0.999603 0.0257562 0.0114472
v 0.0399667 0.0249667 0.134925
vn 0.99963 0.0271619 0.0013025
v 0.0397105 0.0297105 0.145599
vn 0.993437 0.11397 0.00968476
v 0.04 0.015 0.12375
vn 1 0 0
v 0.04 0.015 0.1125
vn 1 0 0
v 0.04 0.02 0.12375
vn 0.999994 0.00334307 0
v 0.04 0.005 0.10125
vn 1 0 0
v 0.04 0.005 0.09
vn 1 0 0
v 0.04 0.01 0.10125
vn 1 0 0
v 0.04 0.015 0.09
vn 1 0 0
v 0.04 0.02 0.10125
vn 0.999994 0.00334307 0
v 0.04 0.015 0.10125
vn 1 0 0
v 0.0397334 0.0297334 0.12315
vn 0.993195 0.116466 -1.48585e-19
v 0.0399667 0.0249667 0.123675
vn 0.999625 0.0273753 -2.01299e-16
v 0.0399667 0.0249667 0.112425
vn 0.999625 0.0273753 2.01044e-16
v 0.0397334 0.00526656 0.0230998
vn 0.998645 5.35031e-18 -0.0520466
v 0.04 0.015 0.045
vn 0.999999 -6.87327e-19 -0.00148581
v 0.0399667 0.0100333 0.033825
vn 0.999926 -2.30315e-19 -0.0121704
v 0.04 0.005 0.045
vn 0.999999 0 -0.00148581
v 0.0399667 0.00503332 0.033825
vn 0.999926 5.62996e-18 -0.0121704
v 0.0399667 0.0249667 0.067425
vn 0.999625 0.0273753 2.01299e-16
v 0.04 0.02 0.05625
vn 0.999994 0.00334307 0
v 0.0397334 0.0297334 0.0781502
vn 0.993195 0.116466 -3.71216e-17
v 0.04 0.02 0.07875
vn 0.999994 0.00334307 0
v 0.0399667 0.0249667 0.078675
vn 0.999625 0.0273753 -2.01299e-16
v 0.04 0.01 0.07875
vn 1 0 0
v 0.04 0.015 0.07875
vn 1 0 0
v 0.04 0.005 0.07875
vn 1 0 0
v 0.04 0.005 0.05625
vn 1 0 0
v 0.04 0.005 0.0675
vn 1 0 0
v 0.04 0.015 0.05625
vn 1 0 0
v 0.04 0.015 0.0675
vn 1 0 0
v 0.04 0.01 0.05625
vn 1 0 0
v 0.0387838 -0.0337838 0.0252364
vn 0.94101 -0.336197 -0.0383648
v 0.0399667 -0.0249667 0.045075
vn 0.99963 -0.0271619 -0.0013025
v 0.0397105 -0.0297105 0.0344013
vn 0.993437 -0.11397 -0.00968476
v 0.0389171 -0.0339171 0.0474365
vn 0.938958 -0.344032 -0.000435734
v 0.0389067 -0.0339067 0.0362099
vn 0.939452 -0.342617 -0.00656148
v 0.04 -0.015 0.0675
vn 1 0 0
v 0.04 -0.02 0.05625
vn 0.999994 -0.00334307 -7.37116e-19
v 0.04 -0.005 0.09
vn 1 0 0
v 0.04 -0.01 0.07875
vn 1 0 0
v 0.04 -0.015 0.09
vn 1 0 0
v 0.04 -0.02 0.07875
vn 0.999994 -0.00334307 0
v 0.04 -0.015 0.07875
vn 1 0 0
v 0.0399667 -0.0249667 0.090075
vn 0.999625 -0.0273753 -2.0029e-16
v 0.0397334 -0.0297334 0.0793498
vn 0.993195 -0.116466 -9.32916e-19
v 0.0399667 -0.0249667 0.078825
vn 0.999625 -0.0273753 2.03761e-16
v 0.0389171 -0.0339171 0.0924365
vn 0.938917 -0.344145 0
v 0.0389171 -0.0339171 0.0811865
vn 0.938917 -0.344145 -2.31492e-16
v 0.0389171 -0.0339171 0.0586865
vn 0.938917 -0.344145 3.86077e-16
v 0.0389171 -0.0339171 0.0699365
vn 0.938917 -0.344145 2.3024e-16
v 0.0399667 -0.0249667 0.056325
vn 0.999625 -0.0273753 -3.21687e-18
v 0.0399667 -0.0249667 0.067575
vn 0.999625 -0.0273753 0
v 0.0397334 -0.0297334 0.0568498
vn 0.993195 -0.116466 1.90895e-16
v 0.04 0.005 0.1125
vn 1 0 0
v 0.04 -5.46359e-18 0.10125
vn 1 0 0
v 0.04 0.015 0.135
vn 0.999999 0 0.00148581
v 0.04 0.01 0.12375
vn 1 0 0
v 0.04 0.005 0.135
vn 0.999999 0 0.00148581
v 0.04 -1.24025e-17 0.12375
vn 1 0 0
v 0.04 0.005 0.12375
vn 1 0 0
v 0.0397105 0.0247105 0.156849
vn 0.998463 0.021901 0.0509097
v 0.0399667 0.0199667 0.146175
vn 0.999923 0.00293149 0.0120755
v 0.0366701 0.0316701 0.172508
vn 0.880116 0.26905 0.391163
v 0.0387838 0.0287838 0.166014
vn 0.983598 0.0902275 0.156183
v 0.0370491 0.0220491 0.173361
vn 0.913783 0.00789941 0.406126
v 0.0389171 0.0189171 0.166314
vn 0.986998 0.00103056 0.160726
v 0.0389067 0.0239067 0.16629
vn 0.986998 0.0155105 0.159981
v 0.0370512 0.0120512 0.173365
vn 0.913812 0 0.406138
v 0.0389171 0.00891712 0.166314
vn 0.98699 -9.05468e-17 0.160784
v 0.0389171 0.0139171 0.166314
vn 0.98699 0 0.160784
v 0.0370512 0.00205123 0.173365
vn 0.913812 3.11905e-16 0.406138
v 0.0389171 -0.00108288 0.166314
vn 0.98699 9.05468e-17 0.160784
v 0.0389171 0.00391712 0.166314
vn 0.98699 0 0.160784
v 0.0399667 -3.33195e-05 0.146175
vn 0.999926 0 0.0121704
v 0.0399667 0.00496668 0.146175
vn 0.999926 -1.9337e-17 0.0121704
v 0.0397334 0.00473344 0.1569
vn 0.998645 -9.59061e-17 0.0520466
v 0.0399667 0.0149667 0.146175
vn 0.999926 0 0.0121704
v 0.0397334 0.0147334 0.1569
vn 0.998645 0 0.0520466
v 0.0399667 0.00996668 0.146175
vn 0.999926 0 0.0121704
v 0.0370512 -0.00794877 0.173365
vn 0.913812 8.45446e-16 0.406138
v 0.0389171 -0.0110829 0.166314
vn 0.98699 3.00543e-16 0.160784
v 0.0389171 -0.00608288 0.166314
vn 0.98699 0 0.160784
v 0.0370512 -0.0179488 0.173365
vn 0.913812 -3.68415e-16 0.406138
v 0.0389171 -0.0210829 0.166314
vn 0.987018 -0.0024087 0.160589
v 0.0389171 -0.0160829 0.166314
vn 0.98699 -2.96309e-16 0.160784
v 0.0399667 -0.0200333 0.146175
vn 0.999921 -0.00329735 0.0121512
v 0.0399667 -0.0150333 0.146175
vn 0.999926 -1.9337e-17 0.0121704
v 0.0397334 -0.0152666 0.1569
vn 0.998645 3.90154e-18 0.0520466
v 0.0370517 -0.0278827 0.173366
vn 0.913796 -0.00583714 0.406132
v 0.0386854 -0.0307846 0.166842
vn 0.987274 -0.0679302 0.143791
v 0.0388838 -0.0260496 0.166388
vn 0.987302 -0.0173692 0.157901
v 0.0370818 -0.0358136 0.173434
vn 0.90826 -0.110056 0.403671
v 0.0381109 -0.0347436 0.168173
vn 0.970274 -0.221151 0.0982895
v 0.0388838 -0.0339504 0.148612
vn 0.940908 -0.338583 0.00735689
v 0.0386854 -0.0341519 0.159265
vn 0.949876 -0.311275 0.0290476
v 0.0389171 -0.0339171 0.126186
vn 0.938917 -0.344145 0
v 0.0389171 -0.0339171 0.137436
vn 0.939055 -0.343766 0.00101851
v 0.0389171 -0.0339171 0.103686
vn 0.938917 -0.344145 0
v 0.0389171 -0.0339171 0.114936
vn 0.938917 -0.344145 0
v 0.0399667 -0.0249667 0.123825
vn 0.999625 -0.0273753 3.51767e-19
v 0.0399667 -0.0249667 0.135075
vn 0.999625 -0.027332 0.00146506
v 0.0397334 -0.0297334 0.12435
vn 0.993195 -0.116466 0
v 0.0397001 -0.0252332 0.156975
vn 0.998374 -0.0251061 0.0511677
v 0.0397001 -0.0297668 0.146775
vn 0.993356 -0.114549 0.0111022
v 0.0399334 -0.025 0.14625
vn 0.999566 -0.0269253 0.0119668
v 0.04 -0.005 0.10125
vn 1 0 0
v 0.04 -0.005 0.12375
vn 1 0 0
v 0.04 -0.005 0.1125
vn 1 0 0
v 0.04 -0.015 0.10125
vn 1 0 0
v 0.04 -0.01 0.10125
vn 1 0 0
v 0.0399667 -0.00503332 0.146175
vn 0.999926 1.97049e-17 0.0121704
v 0.04 -0.005 0.135
vn 0.999999 0 0.00148581
v 0.0397334 -0.00526656 0.1569
vn 0.998645 9.63056e-17 0.0520466
v 0.04 -0.015 0.135
vn 0.999999 0 0.00148581
v 0.0399667 -0.0100333 0.146175
vn 0.999926 0 0.0121704
v 0.0399667 -0.0249667 0.112575
vn 0.999625 -0.0273753 -3.22186e-19
v 0.04 -0.02 0.12375
vn 0.999994 -0.00334307 2.88989e-20
v 0.0397334 -0.0297334 0.10185
vn 0.993195 -0.116466 0
v 0.04 -0.02 0.10125
vn 0.999994 -0.00334307 7.37116e-19
v 0.0399667 -0.0249667 0.101325
vn 0.999625 -0.0273753 2.92926e-18
v 0.04 -0.01 0.12375
vn 1 0 0
v 0.04 -0.015 0.12375
vn 1 0 0
v 0.04 -0.015 0.1125
vn 1 0 0
v -0.0287838 -0.0337838 0.177264
vn -0.158824 -0.618576 0.769505
v -0.0332153 -0.0332153 0.175984
vn -0.518365 -0.518365 0.680144
v -0.0189171 -0.0339171 0.177564
vn -0.00181273 -0.636104 0.771601
v -0.0239067 -0.0339067 0.17754
vn -0.0273236 -0.634108 0.772762
v -0.0199667 -0.0249667 0.179925
vn -0.00658392 -0.0610217 0.998115
v -0.0249354 -0.0249354 0.179855
vn -0.0577806 -0.0577806 0.996656
v -0.0247105 -0.0297105 0.179349
vn -0.0477322 -0.24965 0.967159
v -0.00891712 -0.0339171 0.177564
vn 8.16141e-16 -0.636246 0.771486
v -0.0139171 -0.0339171 0.177564
vn 0 -0.636246 0.771486
v 0.00108288 -0.0339171 0.177564
vn 0 -0.636246 0.771486
v -0.00391712 -0.0339171 0.177564
vn -8.21555e-16 -0.636246 0.771486
v 3.33195e-05 -0.0249667 0.179925
vn -9.16946e-16 -0.0615008 0.998107
v -0.00496668 -0.0249667 0.179925
vn 9.03325e-16 -0.0615008 0.998107
v -0.00473344 -0.0297334 0.1794
vn -6.75124e-18 -0.255113 0.966911
v -1.17302e-19 -0.015 0.18
vn 0 0 1
v -0.005 -0.015 0.18
vn 0 0 1
v -0.005 -0.02 0.18
vn 0 -0.00752173 0.999972
v -1.17302e-19 -0.005 0.18
vn 0 0 1
v -0.005 -0.005 0.18
vn 0 0 1
v -0.005 -0.01 0.18
vn 0 0 1
v -0.015 -0.015 0.18
vn 0 0 1
v -0.015 -0.02 0.18
vn -1.73975e-18 -0.00752173 0.999972
v -0.01 -0.015 0.18
vn 0 0 1
v -0.0147334 -0.0297334 0.1794
vn 1.31126e-17 -0.255113 0.966911
v -0.00996668 -0.0249667 0.179925
vn 1.42249e-17 -0.0615008 0.998107
v -0.0149667 -0.0249667 0.179925
vn 1.42249e-17 -0.0615008 0.998107
v 0.0110829 -0.0339171 0.177564
vn 8.16141e-16 -0.636246 0.771486
v 0.00608288 -0.0339171 0.177564
vn 0 -0.636246 0.771486
v 0.0210829 -0.0339171 0.177564
vn 0.00423822 -0.635767 0.771869
v 0.0160829 -0.0339171 0.177564
vn -8.21555e-16 -0.636246 0.771486
v 0.0200333 -0.0249667 0.179925
vn 0.00740542 -0.0614023 0.998086
v 0.0150333 -0.0249667 0.179925
vn 8.891e-16 -0.0615008 0.998107
v 0.0152666 -0.0297334 0.1794
vn -1.98639e-17 -0.255113 0.966911
v 0.0307846 -0.0341519 0.177042
vn 0.123648 -0.588898 0.798693
v 0.0260496 -0.0339504 0.177489
vn 0.0307494 -0.628962 0.776827
v 0.0347436 -0.0347436 0.17575
vn 0.415146 -0.415146 0.809511
v 0.0339504 -0.0260496 0.177489
vn 0.628962 -0.0307494 0.776827
v 0.0341519 -0.0307846 0.177042
vn 0.588898 -0.123648 0.798693
v 0.0339171 -0.0160829 0.177564
vn 0.636246 1.24605e-15 0.771486
v 0.0339171 -0.0210829 0.177564
vn 0.635767 -0.00423822 0.771869
v 0.0339171 -0.00608288 0.177564
vn 0.636246 0 0.771486
v 0.0339171 -0.0110829 0.177564
vn 0.636246 -1.00795e-15 0.771486
v 0.0249667 -0.0150333 0.179925
vn 0.0615008 -4.59821e-15 0.998107
v 0.0249667 -0.0200333 0.179925
vn 0.0614023 -0.00740542 0.998086
v 0.0297334 -0.0152666 0.1794
vn 0.255113 -1.90328e-16 0.966911
v 0.0252332 -0.0297668 0.179325
vn 0.0546854 -0.250767 0.966502
v 0.0297668 -0.0252332 0.179325
vn 0.250767 -0.0546854 0.966502
v 0.025 -0.025 0.17985
vn 0.0603869 -0.0603869 0.996347
v 0.0339171 0.00391712 0.177564
vn 0.636246 8.16141e-16 0.771486
v 0.0339171 -0.00108288 0.177564
vn 0.636246 5.83977e-16 0.771486
v 0.0339171 0.0139171 0.177564
vn 0.636246 0 0.771486
v 0.0339171 0.00891712 0.177564
vn 0.636246 -1.40553e-15 0.771486
v 0.0249667 0.00496668 0.179925
vn 0.0615008 -9.04468e-16 0.998107
v 0.0249667 -3.33195e-05 0.179925
vn 0.0615008 9.03325e-16 0.998107
v 0.0297334 0.00473344 0.1794
vn 0.255113 -1.90328e-16 0.966911
v 0.0339067 0.0239067 0.17754
vn 0.634108 0.0273236 0.772762
v 0.0339171 0.0189171 0.177564
vn 0.636104 0.00181273 0.771601
v 0.0332153 0.0332153 0.175984
vn 0.518365 0.518365 0.680144
v 0.0337838 0.0287838 0.177264
vn 0.618576 0.158824 0.769505
v 0.0249354 0.0249354 0.179855
vn 0.0577806 0.0577806 0.996656
v 0.0249667 0.0199667 0.179925
vn 0.0610217 0.00658392 0.998115
v 0.0297105 0.0247105 0.179349
vn 0.24965 0.0477322 0.967159
v 0.015 0.015 0.18
vn 0 0 1
v 0.015 0.01 0.18
vn 0 0 1
v 0.02 0.015 0.18
vn 0.00752173 0 0.999972
v 0.005 0.005 0.18
vn 0 0 1
v 0.005 -1.24025e-17 0.18
vn 0 0 1
v 0.01 0.005 0.18
vn 0 0 1
v 0.015 -1.24025e-17 0.18
vn 0 0 1
v 0.02 0.005 0.18
vn 0.00752173 0 0.999972
v 0.015 0.005 0.18
vn 0 0 1
v 0.0297334 0.0147334 0.1794
vn 0.255113 0 0.966911
v 0.0249667 0.0149667 0.179925
vn 0.0615008 0 0.998107
v 0.0249667 0.00996668 0.179925
vn 0.0615008 0 0.998107
v 0.00526656 -0.0297334 0.1794
vn 1.31126e-17 -0.255113 0.966911
v 0.015 -0.02 0.18
vn 0 -0.00752173 0.999972
v 0.0100333 -0.0249667 0.179925
vn 1.42249e-17 -0.0615008 0.998107
v 0.005 -0.02 0.18
vn -3.07526e-20 -0.00752173 0.999972
v 0.00503332 -0.0249667 0.179925
vn -3.14308e-20 -0.0615008 0.998107
v 0.0249667 -0.0100333 0.179925
vn 0.0615008 6.10118e-19 0.998107
v 0.02 -0.015 0.18
vn 0.00752173 -1.84413e-15 0.999972
v 0.0297334 -0.00526656 0.1794
vn 0.255113 1.90634e-15 0.966911
v 0.02 -0.005 0.18
vn 0.00752173 0 0.999972
v 0.0249667 -0.00503332 0.179925
vn 0.0615008 3.69435e-15 0.998107
v 0.01 -0.005 0.18
vn 0 0 1
v 0.015 -0.005 0.18
vn 0 0 1
v 0.005 -0.005 0.18
vn 0 0 1
v 0.005 -0.015 0.18
vn 0 0 1
v 0.005 -0.01 0.18
vn 0 0 1
v 0.015 -0.015 0.18
vn 0 0 1
v 0.015 -0.01 0.18
vn 0 0 1
v 0.01 -0.015 0.18
vn 0 0 1
v -0.0337838 -0.0287838 0.177264
vn -0.618576 -0.158824 0.769505
v -0.0249667 -0.0199667 0.179925
vn -0.0610217 -0.00658392 0.998115
v -0.0297105 -0.0247105 0.179349
vn -0.24965 -0.0477322 0.967159
v -0.0339171 -0.0189171 0.177564
vn -0.636104 -0.00181273 0.771601
v -0.0339067 -0.0239067 0.17754
vn -0.634108 -0.0273236 0.772762
v -0.015 -0.01 0.18
vn 0 0 1
v -0.02 -0.015 0.18
vn -0.00752173 -3.51025e-18 0.999972
v -0.005 -5.46359e-18 0.18
vn 0 0 1
v -0.01 -0.005 0.18
vn 0 0 1
v -0.015 -5.46359e-18 0.18
vn 0 0 1
v -0.02 -0.005 0.18
vn -0.00752173 1.73975e-18 0.999972
v -0.015 -0.005 0.18
vn 0 0 1
v -0.0249667 3.33195e-05 0.179925
vn -0.0615008 1.33592e-17 0.998107
v -0.0297334 -0.00473344 0.1794
vn -0.255113 0 0.966911
v -0.0249667 -0.00496668 0.179925
vn -0.0615008 1.77812e-18 0.998107
v -0.0339171 0.00108288 0.177564
vn -0.636246 -1.43295e-15 0.771486
v -0.0339171 -0.00391712 0.177564
vn -0.636246 -1.43295e-15 0.771486
v -0.0339171 -0.0139171 0.177564
vn -0.636246 1.42338e-15 0.771486
v -0.0339171 -0.00891712 0.177564
vn -0.636246 1.42338e-15 0.771486
v -0.0249667 -0.0149667 0.179925
vn -0.0615008 -1.42564e-17 0.998107
v -0.0249667 -0.00996668 0.179925
vn -0.0615008 0 0.998107
v -0.0297334 -0.0147334 0.1794
vn -0.255113 0 0.966911
v 0.005 0.01 0.18
vn 0 0 1
v -1.17302e-19 0.005 0.18
vn 0 0 1
v 0.015 0.02 0.18
vn 0 0.00752173 0.999972
v 0.01 0.015 0.18
vn 0 0 1
v 0.005 0.02 0.18
vn 0 0.00752173 0.999972
v -7.0562e-18 0.015 0.18
vn 0 0 1
v 0.005 0.015 0.18
vn 0 0 1
v 0.0247105 0.0297105 0.179349
vn 0.0477322 0.24965 0.967159
v 0.0199667 0.0249667 0.179925
vn 0.00658392 0.0610217 0.998115
v 0.0287838 0.0337838 0.177264
vn 0.158824 0.618576 0.769505
v 0.0189171 0.0339171 0.177564
vn 0.00181273 0.636104 0.771601
v 0.0239067 0.0339067 0.17754
vn 0.0273236 0.634108 0.772762
v 0.00891712 0.0339171 0.177564
vn -1.40012e-15 0.636246 0.771486
v 0.0139171 0.0339171 0.177564
vn -2.42101e-15 0.636246 0.771486
v -0.00108288 0.0339171 0.177564
vn 5.88646e-16 0.636246 0.771486
v 0.00391712 0.0339171 0.177564
vn 8.21555e-16 0.636246 0.771486
v -3.33195e-05 0.0249667 0.179925
vn 9.04468e-16 0.0615008 0.998107
v 0.00496668 0.0249667 0.179925
vn -9.03325e-16 0.0615008 0.998107
v 0.00473344 0.0297334 0.1794
vn 6.75124e-18 0.255113 0.966911
v 0.0149667 0.0249667 0.179925
vn 0 0.0615008 0.998107
v 0.0147334 0.0297334 0.1794
vn -8.36294e-16 0.255113 0.966911
v 0.00996668 0.0249667 0.179925
vn 0 0.0615008 0.998107
v -0.0110829 0.0339171 0.177564
vn -1.40012e-15 0.636246 0.771486
v -0.00608288 0.0339171 0.177564
vn 4.66822e-18 0.636246 0.771486
v -0.0210829 0.0339171 0.177564
vn -0.00423822 0.635767 0.771869
v -0.0160829 0.0339171 0.177564
vn 1.40553e-15 0.636246 0.771486
v -0.0200333 0.0249667 0.179925
vn -0.00740542 0.0614023 0.998086
v -0.0150333 0.0249667 0.179925
vn -9.03325e-16 0.0615008 0.998107
v -0.0152666 0.0297334 0.1794
vn 6.75124e-18 0.255113 0.966911
v -0.0307846 0.0341519 0.177042
vn -0.123648 0.588898 0.798693
v -0.0260496 0.0339504 0.177489
vn -0.0307494 0.628962 0.776827
v -0.0347436 0.0347436 0.17575
vn -0.415146 0.415146 0.809511
v -0.0339504 0.0260496 0.177489
vn -0.628962 0.0307494 0.776827
v -0.0341519 0.0307846 0.177042
vn -0.588898 0.123648 0.798693
v -0.0339171 0.0160829 0.177564
vn -0.636246 -8.16141e-16 0.771486
v -0.0339171 0.0210829 0.177564
vn -0.635767 0.00423822 0.771869
v -0.0339171 0.00608288 0.177564
vn -0.636246 1.42338e-15 0.771486
v -0.0339171 0.0110829 0.177564
vn -0.636246 2.24493e-15 0.771486
v -0.0249667 0.0150333 0.179925
vn -0.0615008 9.04468e-16 0.998107
v -0.0249667 0.0200333 0.179925
vn -0.0614023 0.00740542 0.998086
v -0.0297334 0.0152666 0.1794
vn -0.255113 6.75124e-18 0.966911
v -0.0252332 0.0297668 0.179325
vn -0.0546854 0.250767 0.966502
v -0.0297668 0.0252332 0.179325
vn -0.250767 0.0546854 0.966502
v -0.025 0.025 0.17985
vn -0.0603869 0.0603869 0.996347
v -0.005 0.005 0.18
vn 0 0 1
v -0.005 0.015 0.18
vn 0 0 1
v -0.005 0.01 0.18
vn 0 0 1
v -0.015 0.005 0.18
vn 0 0 1
v -0.01 0.005 0.18
vn 0 0 1
v -0.00503332 0.0249667 0.179925
vn 0 0.0615008 0.998107
v -0.005 0.02 0.18
vn 0 0.00752173 0.999972
v -0.00526656 0.0297334 0.1794
vn 1.83577e-16 0.255113 0.966911
v -0.015 0.02 0.18
vn 0 0.00752173 0.999972
v -0.0100333 0.0249667 0.179925
vn 0 0.0615008 0.998107
v -0.0249667 0.0100333 0.179925
vn -0.0615008 0 0.998107
v -0.02 0.015 0.18
vn -0.00752173 0 0.999972
v -0.0297334 0.00526656 0.1794
vn -0.255113 0 0.966911
v -0.02 0.005 0.18
vn -0.00752173 1.73975e-18 0.999972
v -0.0249667 0.00503332 0.179925
vn -0.0615008 1.33592e-17 0.998107
v -0.01 0.015 0.18
vn 0 0 1
v -0.015 0.015 0.18
vn 0 0 1
v -0.015 0.01 0.18
vn 0 0 1
v -0.0347436 -0.0347436 0.00425038
vn -0.415146 -0.415146 -0.809511
v -0.0339504 -0.0260496 0.00251145
vn -0.628962 -0.0307494 -0.776827
v -0.0341519 -0.0307846 0.00295775
vn -0.588898 -0.123648 -0.798693
v -0.0260496 -0.0339504 0.00251145
vn -0.0307494 -0.628962 -0.776827
v -0.0307846 -0.0341519 0.00295775
vn -0.123648 -0.588898 -0.798693
v -0.0339171 -0.0160829 0.00243648
vn -0.636246 0 -0.771486
v -0.0339171 -0.0210829 0.00243648
vn -0.635767 -0.00423822 -0.771869
v -0.0339171 -0.00608288 0.00243648
vn -0.636246 0 -0.771486
v -0.0339171 -0.0110829 0.00243648
vn -0.636246 0 -0.771486
v -0.0249667 -0.0150333 7.49688e-05
vn -0.0615008 -1.42249e-17 -0.998107
v -0.0249667 -0.0200333 7.49688e-05
vn -0.0614023 -0.00740542 -0.998086
v -0.0297334 -0.0152666 0.00059975
vn -0.255113 -1.31126e-17 -0.966911
v -0.0150333 -0.0249667 7.49688e-05
vn 1.8064e-17 -0.0615008 -0.998107
v -0.0152666 -0.0297334 0.00059975
vn 1.30671e-17 -0.255113 -0.966911
v -0.0200333 -0.0249667 7.49688e-05
vn -0.00740542 -0.0614023 -0.998086
v -0.00608288 -0.0339171 0.00243648
vn -2.23053e-17 -0.636246 -0.771486
v -0.0110829 -0.0339171 0.00243648
vn 2.23053e-17 -0.636246 -0.771486
v -0.0210829 -0.0339171 0.00243648
vn -0.00423822 -0.635767 -0.771869
v -0.0160829 -0.0339171 0.00243648
vn 2.23053e-17 -0.636246 -0.771486
v -0.0297668 -0.0252332 0.000674719
vn -0.250767 -0.0546854 -0.966502
v -0.025 -0.025 0.000149938
vn -0.0603869 -0.0603869 -0.996347
v -0.0252332 -0.0297668 0.000674719
vn -0.0546854 -0.250767 -0.966502
v -0.0339171 0.00391712 0.00243648
vn -0.636246 0 -0.771486
v -0.0339171 -0.00108288 0.00243648
vn -0.636246 3.65654e-17 -0.771486
v -0.0339171 0.0139171 0.00243648
vn -0.636246 0 -0.771486
v -0.0339171 0.00891712 0.00243648
vn -0.636246 -3.65654e-17 -0.771486
v -0.0249667 0.00496668 7.49688e-05
vn -0.0615008 -1.6003e-17 -0.998107
v -0.0249667 -3.33195e-05 7.49688e-05
vn -0.0615008 2.02956e-18 -0.998107
v -0.0297334 0.00473344 0.00059975
vn -0.255113 -2.61797e-17 -0.966911
v -0.0339067 0.0239067 0.00245991
vn -0.634108 0.0273236 -0.772762
v -0.0339171 0.0189171 0.00243648
vn -0.636104 0.00181273 -0.771601
v -0.0332153 0.0332153 0.00401551
vn -0.518365 0.518365 -0.680144
v -0.0337838 0.0287838 0.00273636
vn -0.618576 0.158824 -0.769505
v -0.0249354 0.0249354 0.000145252
vn -0.0577806 0.0577806 -0.996656
v -0.0249667 0.0199667 7.49688e-05
vn -0.0610217 0.00658392 -0.998115
v -0.0297105 0.0247105 0.000651291
vn -0.24965 0.0477322 -0.967159
v -0.015 0.015 0
vn 0 0 -1
v -0.015 0.01 0
vn 0 0 -1
v -0.02 0.015 0
vn -0.00752173 1.7705e-18 -0.999972
v -0.005 0.005 0
vn 0 0 -1
v -0.005 -5.46359e-18 0
vn 0 0 -1
v -0.01 0.005 0
vn 0 0 -1
v -0.015 -1.24025e-17 0
vn 0 0 -1
v -0.02 0.005 0
vn -0.00752173 -1.73975e-18 -0.999972
v -0.015 0.005 0
vn 0 0 -1
v -0.0297334 0.0147334 0.00059975
vn -0.255113 0 -0.966911
v -0.0249667 0.0149667 7.49688e-05
vn -0.0615008 0 -0.998107
v -0.0249667 0.00996668 7.49688e-05
vn -0.0615008 0 -0.998107
v 0.005 -0.005 0
vn 0 0 -1
v 0.005 -0.01 0
vn 0 0 -1
v -7.0562e-18 -0.005 0
vn 0 0 -1
v 0.015 -0.015 0
vn 0 0 -1
v 0.015 -0.02 0
vn 1.73975e-18 -0.00752173 -0.999972
v 0.01 -0.015 0
vn 0 0 -1
v 0.005 -0.02 0
vn -3.15615e-18 -0.00752173 -0.999972
v -7.0562e-18 -0.015 0
vn 0 0 -1
v 0.005 -0.015 0
vn 0 0 -1
v 0.0249354 -0.0249354 0.000145252
vn 0.0577806 -0.0577806 -0.996656
v 0.0247105 -0.0297105 0.000651291
vn 0.0477322 -0.24965 -0.967159
v 0.0199667 -0.0249667 7.49688e-05
vn 0.00658392 -0.0610217 -0.998115
v 0.0332153 -0.0332153 0.00401551
vn 0.518365 -0.518365 -0.680144
v 0.0287838 -0.0337838 0.00273636
vn 0.158824 -0.618576 -0.769505
v 0.0189171 -0.0339171 0.00243648
vn 0.00181273 -0.636104 -0.771601
v 0.0239067 -0.0339067 0.00245991
vn 0.0273236 -0.634108 -0.772762
v 0.00891712 -0.0339171 0.00243648
vn 2.41312e-16 -0.636246 -0.771486
v 0.0139171 -0.0339171 0.00243648
vn 1.42601e-17 -0.636246 -0.771486
v -0.00108288 -0.0339171 0.00243648
vn -2.27052e-16 -0.636246 -0.771486
v 0.00391712 -0.0339171 0.00243648
vn 0 -0.636246 -0.771486
v -3.33195e-05 -0.0249667 7.49688e-05
vn 0 -0.0615008 -0.998107
v 0.00496668 -0.0249667 7.49688e-05
vn -1.77021e-17 -0.0615008 -0.998107
v 0.00473344 -0.0297334 0.00059975
vn 0 -0.255113 -0.966911
v 0.0149667 -0.0249667 7.49688e-05
vn 0 -0.0615008 -0.998107
v 0.0147334 -0.0297334 0.00059975
vn -1.30671e-17 -0.255113 -0.966911
v 0.00996668 -0.0249667 7.49688e-05
vn -1.62545e-17 -0.0615008 -0.998107
v -0.0297334 -0.00526656 0.00059975
vn -0.255113 0 -0.966911
v -0.02 -0.005 0
vn -0.00752173 1.73975e-18 -0.999972
v -0.0249667 -0.00503332 7.49688e-05
vn -0.0615008 1.62545e-17 -0.998107
v -0.02 -0.015 0
vn -0.00752173 0 -0.999972
v -0.0249667 -0.0100333 7.49688e-05
vn -0.0615008 0 -0.998107
v -0.01 -0.005 0
vn 0 0 -1
v -0.015 -0.005 0
vn 0 0 -1
v -0.005 -0.005 0
vn 0 0 -1
v -0.005 -0.015 0
vn 0 0 -1
v -0.005 -0.01 0
vn 0 0 -1
v -0.00503332 -0.0249667 7.49688e-05
vn 0 -0.0615008 -0.998107
v -0.005 -0.02 0
vn 0 -0.00752173 -0.999972
v -0.00526656 -0.0297334 0.00059975
vn -1.30671e-17 -0.255113 -0.966911
v -0.015 -0.02 0
vn 3.51025e-18 -0.00752173 -0.999972
v -0.0100333 -0.0249667 7.49688e-05
vn 1.62545e-17 -0.0615008 -0.998107
v -0.015 -0.01 0
vn 0 0 -1
v -0.01 -0.015 0
vn 0 0 -1
v -0.015 -0.015 0
vn 0 0 -1
v 0.0337838 -0.0287838 0.00273636
vn 0.618576 -0.158824 -0.769505
v 0.0249667 -0.0199667 7.49688e-05
vn 0.0610217 -0.00658392 -0.998115
v 0.0297105 -0.0247105 0.000651291
vn 0.24965 -0.0477322 -0.967159
v 0.0339171 -0.0189171 0.00243648
vn 0.636104 -0.00181273 -0.771601
v 0.0339067 -0.0239067 0.00245991
vn 0.634108 -0.0273236 -0.772762
v 0.015 -0.01 0
vn 0 0 -1
v 0.02 -0.015 0
vn 0.00752173 0 -0.999972
v 0.005 -5.46359e-18 0
vn 0 0 -1
v 0.01 -0.005 0
vn 0 0 -1
v 0.015 -5.46359e-18 0
vn 0 0 -1
v 0.02 -0.005 0
vn 0.00752173 0 -0.999972
v 0.015 -0.005 0
vn 0 0 -1
v 0.0249667 3.33195e-05 7.49688e-05
vn 0.0615008 2.89527e-18 -0.998107
v 0.0297334 -0.00473344 0.00059975
vn 0.255113 1.89894e-16 -0.966911
v 0.0249667 -0.00496668 7.49688e-05
vn 0.0615008 0 -0.998107
v 0.0339171 0.00108288 0.00243648
vn 0.636246 -5.80251e-17 -0.771486
v 0.0339171 -0.00391712 0.00243648
vn 0.636246 6.1094e-16 -0.771486
v 0.0339171 -0.0139171 0.00243648
vn 0.636246 -5.83977e-16 -0.771486
v 0.0339171 -0.00891712 0.00243648
vn 0.636246 4.66822e-18 -0.771486
v 0.0249667 -0.0149667 7.49688e-05
vn 0.0615008 -3.53308e-18 -0.998107
v 0.0249667 -0.00996668 7.49688e-05
vn 0.0615008 0 -0.998107
v 0.0297334 -0.0147334 0.00059975
vn 0.255113 -3.72207e-18 -0.966911
v -0.005 0.01 0
vn 0 0 -1
v -1.17302e-19 0.005 0
vn 0 0 -1
v -0.015 0.02 0
vn 0 0.00752173 -0.999972
v -0.01 0.015 0
vn 0 0 -1
v -0.005 0.02 0
vn 0 0.00752173 -0.999972
v 6.82159e-18 0.015 0
vn 0 0 -1
v -0.005 0.015 0
vn 0 0 -1
v -0.0247105 0.0297105 0.000651291
vn -0.0477322 0.24965 -0.967159
v -0.0199667 0.0249667 7.49688e-05
vn -0.00658392 0.0610217 -0.998115
v -0.0287838 0.0337838 0.00273636
vn -0.158824 0.618576 -0.769505
v -0.0189171 0.0339171 0.00243648
vn -0.00181273 0.636104 -0.771601
v -0.0239067 0.0339067 0.00245991
vn -0.0273236 0.634108 -0.772762
v -0.00891712 0.0339171 0.00243648
vn 5.59319e-16 0.636246 -0.771486
v -0.0139171 0.0339171 0.00243648
vn 5.59319e-16 0.636246 -0.771486
v 0.00108288 0.0339171 0.00243648
vn -5.95884e-16 0.636246 -0.771486
v -0.00391712 0.0339171 0.00243648
vn -5.95884e-16 0.636246 -0.771486
v 3.33195e-05 0.0249667 7.49688e-05
vn 0 0.0615008 -0.998107
v -0.00496668 0.0249667 7.49688e-05
vn 0 0.0615008 -0.998107
v -0.00473344 0.0297334 0.00059975
vn 0 0.255113 -0.966911
v -0.0149667 0.0249667 7.49688e-05
vn 0 0.0615008 -0.998107
v -0.0147334 0.0297334 0.00059975
vn 0 0.255113 -0.966911
v -0.00996668 0.0249667 7.49688e-05
vn 0 0.0615008 -0.998107
v 0.0110829 0.0339171 0.00243648
vn 5.95884e-16 0.636246 -0.771486
v 0.00608288 0.0339171 0.00243648
vn 5.95884e-16 0.636246 -0.771486
v 0.0210829 0.0339171 0.00243648
vn 0.00423822 0.635767 -0.771869
v 0.0160829 0.0339171 0.00243648
vn 3.65654e-17 0.636246 -0.771486
v 0.0200333 0.0249667 7.49688e-05
vn 0.00740542 0.0614023 -0.998086
v 0.0150333 0.0249667 7.49688e-05
vn 0 0.0615008 -0.998107
v 0.0152666 0.0297334 0.00059975
vn 0 0.255113 -0.966911
v 0.0307846 0.0341519 0.00295775
vn 0.123648 0.588898 -0.798693
v 0.0260496 0.0339504 0.00251145
vn 0.0307494 0.628962 -0.776827
v 0.0347436 0.0347436 0.00425038
vn 0.415146 0.415146 -0.809511
v 0.0339504 0.0260496 0.00251145
vn 0.628962 0.0307494 -0.776827
v 0.0341519 0.0307846 0.00295775
vn 0.588898 0.123648 -0.798693
v 0.0339171 0.0160829 0.00243648
vn 0.636246 0 -0.771486
v 0.0339171 0.0210829 0.00243648
vn 0.635767 0.00423822 -0.771869
v 0.0339171 0.00608288 0.00243648
vn 0.636246 -6.18189e-16 -0.771486
v 0.0339171 0.0110829 0.00243648
vn 0.636246 -5.95884e-16 -0.771486
v 0.0249667 0.0150333 7.49688e-05
vn 0.0615008 0 -0.998107
v 0.0249667 0.0200333 7.49688e-05
vn 0.0614023 0.00740542 -0.998086
v 0.0297334 0.0152666 0.00059975
vn 0.255113 0 -0.966911
v 0.0252332 0.0297668 0.000674719
vn 0.0546854 0.250767 -0.966502
v 0.0297668 0.0252332 0.000674719
vn 0.250767 0.0546854 -0.966502
v 0.025 0.025 0.000149938
vn 0.0603869 0.0603869 -0.996347
v 0.005 0.005 0
vn 0 0 -1
v 0.005 0.015 0
vn 0 0 -1
v 0.005 0.01 0
vn 0 0 -1
v 0.015 0.005 0
vn 0 0 -1
v 0.01 0.005 0
vn 0 0 -1
v 0.00503332 0.0249667 7.49688e-05
vn 0 0.0615008 -0.998107
v 0.005 0.02 0
vn 0 0.00752173 -0.999972
v 0.00526656 0.0297334 0.00059975
vn 0 0.255113 -0.966911
v 0.015 0.02 0
vn 0 0.00752173 -0.999972
v 0.0100333 0.0249667 7.49688e-05
vn 0 0.0615008 -0.998107
v 0.0249667 0.0100333 7.49688e-05
vn 0.0615008 0 -0.998107
v 0.02 0.015 0
vn 0.00752173 0 -0.999972
v 0.0297334 0.00526656 0.00059975
vn 0.255113 -1.67892e-17 -0.966911
v 0.02 0.005 0
vn 0.00752173 0 -0.999972
v 0.0249667 0.00503332 7.49688e-05
vn 0.0615008 -3.53308e-18 -0.998107
v 0.01 0.015 0
vn 0 0 -1
v 0.015 0.015 0
vn 0 0 -1
v 0.015 0.01 0
vn 0 0 -1
f 5//5 387//387 389//389
f 387//387 99//99 388//388
f 388//388 101//101 389//389
f 387//387 388//388 389//389
f 99//99 390//390 392//392
f 390//390 27//27 391//391
f 391//391 100//100 392//392
f 390//390 391//391 392//392
f 100//100 393//393 395//395
f 393//393 29//29 394//394
f 394//394 101//101 395//395
f 393//393 394//394 395//395
f 99//99 392//392 388//388
f 392//392 100//100 395//395
f 395//395 101//101 388//388
f 392//392 395//395 388//388
f 27//27 396//396 398//398
f 396//396 102//102 397//397
f 397//397 104//104 398//398
f 396//396 397//397 398//398
f 102//102 399//399 401//401
f 399//399 9//9 400//400
f 400//400 103//103 401//401
f 399//399 400//400 401//401
f 103//103 402//402 404//404
f 402//402 28//28 403//403
f 403//403 104//104 404//404
f 402//402 403//403 404//404
f 102//102 401//401 397//397
f 401//401 103//103 404//404
f 404//404 104//104 397//397
f 401//401 404//404 397//397
f 28//28 405//405 407//407
f 405//405 105//105 406//406
f 406//406 107//107 407//407
f 405//405 406//406 407//407
f 105//105 408//408 410//410
f 408//408 11//11 409//409
f 409//409 106//106 410//410
f 408//408 409//409 410//410
f 106//106 411//411 413//413
f 411//411 29//29 412//412
f 412//412 107//107 413//413
f 411//411 412//412 413//413
f 105//105 410//410 406//406
f 410//410 106//106 413//413
f 413//413 107//107 406//406
f 410//410 413//413 406//406
f 27//27 398//398 391//391
f 398//398 104//104 414//414
f 414//414 100//100 391//391
f 398//398 414//414 391//391
f 104//104 403//403 415//415
f 403//403 28//28 407//407
f 407//407 107//107 415//415
f 403//403 407//407 415//415
f 107//107 412//412 416//416
f 412//412 29//29 393//393
f 393//393 100//100 416//416
f 412//412 393//393 416//416
f 104//104 415//415 414//414
f 415//415 107//107 416//416
f 416//416 100//100 414//414
f 415//415 416//416 414//414
f 9//9 417//417 419//419
f 417//417 108//108 418//418
f 418//418 110//110 419//419
f 417//417 418//418 419//419
f 108//108 420//420 422//422
f 420//420 30//30 421//421
f 421//421 109//109 422//422
f 420//420 421//421 422//422
f 109//109 423//423 425//425
f 423//423 32//32 424//424
f 424//424 110//110 425//425
f 423//423 424//424 425//425
f 108//108 422//422 418//418
f 422//422 109//109 425//425
f 425//425 110//110 418//418
f 422//422 425//425 418//418
f 30//30 426//426 428//428
f 426//426 111//111 427//427
f 427//427 113//113 428//428
f 426//426 427//427 428//428
f 111//111 429//429 431//431
f 429//429 8//8 430//430
f 430//430 112//112 431//431
f 429//429 430//430 431//431
f 112//112 432//432 434//434
f 432//432 31//31 433//433
f 433//433 113//113 434//434
f 432//432 433//433 434//434
f 111//111 431//431 427//427
f 431//431 112//112 434//434
f 434//434 113//113 427//427
f 431//431 434//434 427//427
f 31//31 435//435 437//437
f 435//435 114//114 436//436
f 436//436 116//116 437//437
f 435//435 436//436 437//437
f 114//114 438//438 440//440
f 438//438 10//10 439//439
f 439//439 115//115 440//440
f 438//438 439//439 440//440
f 115//115 441//441 443//443
f 441//441 32//32 442//442
f 442//442 116//116 443//443
f 441//441 442//442 443//443
f 114//114 440//440 436//436
f 440//440 115//115 443//443
f 443//443 116//116 436//436
f 440//440 443//443 436//436
f 30//30 428//428 421//421
f 428//428 113//113 444//444
f 444//444 109//109 421//421
f 428//428 444//444 421//421
f 113//113 433//433 445//445
f 433//433 31//31 437//437
f 437//437 116//116 445//445
f 433//433 437//437 445//445
f 116//116 442//442 446//446
f 442//442 32//32 423//423
f 423//423 109//109 446//446
f 442//442 423//423 446//446
f 113//113 445//445 444//444
f 445//445 116//116 446//446
f 446//446 109//109 444//444
f 445//445 446//446 444//444
f 10//10 447//447 449//449
f 447//447 117//117 448//448
f 448//448 119//119 449//449
f 447//447 448//448 449//449
f 117//117 450//450 452//452
f 450//450 33//33 451//451
f 451//451 118//118 452//452
f 450//450 451//451 452//452
f 118//118 453//453 455//455
f 453//453 35//35 454//454
f 454//454 119//119 455//455
f 453//453 454//454 455//455
f 117//117 452//452 448//448
f 452//452 118//118 455//455
f 455//455 119//119 448//448
f 452//452 455//455 448//448
f 33//33 456//456 458//458
f 456//456 120//120 457//457
f 457//457 122//122 458//458
f 456//456 457//457 458//458
f 120//120 459//459 461//461
f 459//459 6//6 460//460
f 460//460 121//121 461//461
f 459//459 460//460 461//461
f 121//121 462//462 464//464
f 462//462 34//34 463//463
f 463//463 122//122 464//464
f 462//462 463//463 464//464
f 120//120 461//461 457//457
f 461//461 121//121 464//464
f 464//464 122//122 457//457
f 461//461 464//464 457//457
f 34//34 465//465 467//467
f 465//465 123//123 466//466
f 466//466 125//125 467//467
f 465//465 466//466 467//467
f 123//123 468//468 470//470
f 468//468 11//11 469//469
f 469//469 124//124 470//470
f 468//468 469//469 470//470
f 124//124 471//471 473//473
f 471//471 35//35 472//472
f 472//472 125//125 473//473
f 471//471 472//472 473//473
f 123//123 470//470 466//466
f 470//470 124//124 473//473
f 473//473 125//125 466//466
f 470//470 473//473 466//466
f 33//33 458//458 451//451
f 458//458 122//122 474//474
f 474//474 118//118 451//451
f 458//458 474//474 451//451
f 122//122 463//463 475//475
f 463//463 34//34 467//467
f 467//467 125//125 475//475
f 463//463 467//467 475//475
f 125//125 472//472 476//476
f 472//472 35//35 453//453
f 453//453 118//118 476//476
f 472//472 453//453 476//476
f 122//122 475//475 474//474
f 475//475 125//125 476//476
f 476//476 118//118 474//474
f 475//475 476//476 474//474
f 9//9 419//419 400//400
f 419//419 110//110 477//477
f 477//477 103//103 400//400
f 419//419 477//477 400//400
f 110//110 424//424 479//479
f 424//424 32//32 478//478
f 478//478 126//126 479//479
f 424//424 478//478 479//479
f 126//126 480//480 481//481
f 480//480 28//28 402//402
f 402//402 103//103 481//481
f 480//480 402//402 481//481
f 110//110 479//479 477//477
f 479//479 126//126 481//481
f 481//481 103//103 477//477
f 479//479 481//481 477//477
f 32//32 441//441 483//483
f 441//441 115//115 482//482
f 482//482 127//127 483//483
f 441//441 482//482 483//483
f 115//115 439//439 484//484
f 439//439 10//10 449//449
f 449//449 119//119 484//484
f 439//439 449//449 484//484
f 119//119 454//454 486//486
f 454//454 35//35 485//485
f 485//485 127//127 486//486
f 454//454 485//485 486//486
f 115//115 484//484 482//482
f 484//484 119//119 486//486
f 486//486 127//127 482//482
f 484//484 486//486 482//482
f 35//35 471//471 488//488
f 471//471 124//124 487//487
f 487//487 128//128 488//488
f 471//471 487//487 488//488
f 124//124 469//469 489//489
f 469//469 11//11 408//408
f 408//408 105//105 489//489
f 469//469 408//408 489//489
f 105//105 405//405 491//491
f 405//405 28//28 490//490
f 490//490 128//128 491//491
f 405//405 490//490 491//491
f 124//124 489//489 487//487
f 489//489 105//105 491//491
f 491//491 128//128 487//487
f 489//489 491//491 487//487
f 32//32 483//483 478//478
f 483//483 127//127 492//492
f 492//492 126//126 478//478
f 483//483 492//492 478//478
f 127//127 485//485 493//493
f 485//485 35//35 488//488
f 488//488 128//128 493//493
f 485//485 488//488 493//493
f 128//128 490//490 494//494
f 490//490 28//28 480//480
f 480//480 126//126 494//494
f 490//490 480//480 494//494
f 127//127 493//493 492//492
f 493//493 128//128 494//494
f 494//494 126//126 492//492
f 493//493 494//494 492//492
f 5//5 495//495 387//387
f 495//495 129//129 496//496
f 496//496 99//99 387//387
f 495//495 496//496 387//387
f 129//129 497//497 499//499
f 497//497 36//36 498//498
f 498//498 130//130 499//499
f 497//497 498//498 499//499
f 130//130 500//500 501//501
f 500//500 27//27 390//390
f 390//390 99//99 501//501
f 500//500 390//390 501//501
f 129//129 499//499 496//496
f 499//499 130//130 501//501
f 501//501 99//99 496//496
f 499//499 501//501 496//496
f 36//36 502//502 504//504
f 502//502 131//131 503//503
f 503//503 133//133 504//504
f 502//502 503//503 504//504
f 131//131 505//505 507//507
f 505//505 12//12 506//506
f 506//506 132//132 507//507
f 505//505 506//506 507//507
f 132//132 508//508 510//510
f 508//508 37//37 509//509
f 509//509 133//133 510//510
f 508//508 509//509 510//510
f 131//131 507//507 503//503
f 507//507 132//132 510//510
f 510//510 133//133 503//503
f 507//507 510//510 503//503
f 37//37 511//511 513//513
f 511//511 134//134 512//512
f 512//512 135//135 513//513
f 511//511 512//512 513//513
f 134//134 514//514 515//515
f 514//514 9//9 399//399
f 399//399 102//102 515//515
f 514//514 399//399 515//515
f 102//102 396//396 517//517
f 396//396 27//27 516//516
f 516//516 135//135 517//517
f 396//396 516//516 517//517
f 134//134 515//515 512//512
f 515//515 102//102 517//517
f 517//517 135//135 512//512
f 515//515 517//517 512//512
f 36//36 504//504 498//498
f 504//504 133//133 518//518
f 518//518 130//130 498//498
f 504//504 518//518 498//498
f 133//133 509//509 519//519
f 509//509 37//37 513//513
f 513//513 135//135 519//519
f 509//509 513//513 519//519
f 135//135 516//516 520//520
f 516//516 27//27 500//500
f 500//500 130//130 520//520
f 516//516 500//500 520//520
f 133//133 519//519 518//518
f 519//519 135//135 520//520
f 520//520 130//130 518//518
f 519//519 520//520 518//518
f 12//12 521//521 523//523
f 521//521 136//136 522//522
f 522//522 138//138 523//523
f 521//521 522//522 523//523
f 136//136 524//524 526//526
f 524//524 38//38 525//525
f 525//525 137//137 526//526
f 524//524 525//525 526//526
f 137//137 527//527 529//529
f 527//527 40//40 528//528
f 528//528 138//138 529//529
f 527//527 528//528 529//529
f 136//136 526//526 522//522
f 526//526 137//137 529//529
f 529//529 138//138 522//522
f 526//526 529//529 522//522
f 38//38 530//530 532//532
f 530//530 139//139 531//531
f 531//531 141//141 532//532
f 530//530 531//531 532//532
f 139//139 533//533 535//535
f 533//533 7//7 534//534
f 534//534 140//140 535//535
f 533//533 534//534 535//535
f 140//140 536//536 538//538
f 536//536 39//39 537//537
f 537//537 141//141 538//538
f 536//536 537//537 538//538
f 139//139 535//535 531//531
f 535//535 140//140 538//538
f 538//538 141//141 531//531
f 535//535 538//538 531//531
f 39//39 539//539 541//541
f 539//539 142//142 540//540
f 540//540 144//144 541//541
f 539//539 540//540 541//541
f 142//142 542//542 544//544
f 542//542 13//13 543//543
f 543//543 143//143 544//544
f 542//542 543//543 544//544
f 143//143 545//545 547//547
f 545//545 40//40 546//546
f 546//546 144//144 547//547
f 545//545 546//546 547//547
f 142//142 544//544 540//540
f 544//544 143//143 547//547
f 547//547 144//144 540//540
f 544//544 547//547 540//540
f 38//38 532//532 525//525
f 532//532 141//141 548//548
f 548//548 137//137 525//525
f 532//532 548//548 525//525
f 141//141 537//537 549//549
f 537//537 39//39 541//541
f 541//541 144//144 549//549
f 537//537 541//541 549//549
f 144//144 546//546 550//550
f 546//546 40//40 527//527
f 527//527 137//137 550//550
f 546//546 527//527 550//550
f 141//141 549//549 548//548
f 549//549 144//144 550//550
f 550//550 137//137 548//548
f 549//549 550//550 548//548
f 13//13 551//551 553//553
f 551//551 145//145 552//552
f 552//552 147//147 553//553
f 551//551 552//552 553//553
f 145//145 554//554 556//556
f 554//554 41//41 555//555
f 555//555 146//146 556//556
f 554//554 555//555 556//556
f 146//146 557//557 559//559
f 557//557 42//42 558//558
f 558//558 147//147 559//559
f 557//557 558//558 559//559
f 145//145 556//556 552//552
f 556//556 146//146 559//559
f 559//559 147//147 552//552
f 556//556 559//559 552//552
f 41//41 560//560 562//562
f 560//560 148//148 561//561
f 561//561 149//149 562//562
f 560//560 561//561 562//562
f 148//148 563//563 564//564
f 563//563 8//8 429//429
f 429//429 111//111 564//564
f 563//563 429//429 564//564
f 111//111 426//426 566//566
f 426//426 30//30 565//565
f 565//565 149//149 566//566
f 426//426 565//565 566//566
f 148//148 564//564 561//561
f 564//564 111//111 566//566
f 566//566 149//149 561//561
f 564//564 566//566 561//561
f 30//30 420//420 568//568
f 420//420 108//108 567//567
f 567//567 151//151 568//568
f 420//420 567//567 568//568
f 108//108 417//417 570//570
f 417//417 9//9 569//569
f 569//569 150//150 570//570
f 417//417 569//569 570//570
f 150//150 571//571 573//573
f 571//571 42//42 572//572
f 572//572 151//151 573//573
f 571//571 572//572 573//573
f 108//108 570//570 567//567
f 570//570 150//150 573//573
f 573//573 151//151 567//567
f 570//570 573//573 567//567
f 41//41 562//562 555//555
f 562//562 149//149 574//574
f 574//574 146//146 555//555
f 562//562 574//574 555//555
f 149//149 565//565 575//575
f 565//565 30//30 568//568
f 568//568 151//151 575//575
f 565//565 568//568 575//575
f 151//151 572//572 576//576
f 572//572 42//42 557//557
f 557//557 146//146 576//576
f 572//572 557//557 576//576
f 149//149 575//575 574//574
f 575//575 151//151 576//576
f 576//576 146//146 574//574
f 575//575 576//576 574//574
f 12//12 523//523 506//506
f 523//523 138//138 577//577
f 577//577 132//132 506//506
f 523//523 577//577 506//506
f 138//138 528//528 579//579
f 528//528 40//40 578//578
f 578//578 152//152 579//579
f 528//528 578//578 579//579
f 152//152 580//580 581//581
f 580//580 37//37 508//508
f 508//508 132//132 581//581
f 580//580 508//508 581//581
f 138//138 579//579 577//577
f 579//579 152//152 581//581
f 581//581 132//132 577//577
f 579//579 581//581 577//577
f 40//40 545//545 583//583
f 545//545 143//143 582//582
f 582//582 153//153 583//583
f 545//545 582//582 583//583
f 143//143 543//543 584//584
f 543//543 13//13 553//553
f 553//553 147//147 584//584
f 543//543 553//553 584//584
f 147//147 558//558 586//586
f 558//558 42//42 585//585
f 585//585 153//153 586//586
f 558//558 585//585 586//586
f 143//143 584//584 582//582
f 584//584 147//147 586//586
f 586//586 153//153 582//582
f 584//584 586//586 582//582
f 42//42 571//571 588//588
f 571//571 150//150 587//587
f 587//587 154//154 588//588
f 571//571 587//587 588//588
f 150//150 569//569 589//589
f 569//569 9//9 514//514
f 514//514 134//134 589//589
f 569//569 514//514 589//589
f 134//134 511//511 591//591
f 511//511 37//37 590//590
f 590//590 154//154 591//591
f 511//511 590//590 591//591
f 150//150 589//589 587//587
f 589//589 134//134 591//591
f 591//591 154//154 587//587
f 589//589 591//591 587//587
f 40//40 583//583 578//578
f 583//583 153//153 592//592
f 592//592 152//152 578//578
f 583//583 592//592 578//578
f 153//153 585//585 593//593
f 585//585 42//42 588//588
f 588//588 154//154 593//593
f 585//585 588//588 593//593
f 154//154 590//590 594//594
f 590//590 37//37 580//580
f 580//580 152//152 594//594
f 590//590 580//580 594//594
f 153//153 593//593 592//592
f 593//593 154//154 594//594
f 594//594 152//152 592//592
f 593//593 594//594 592//592
f 1//1 595//595 597//597
f 595//595 155//155 596//596
f 596//596 157//157 597//597
f 595//595 596//596 597//597
f 155//155 598//598 600//600
f 598//598 43//43 599//599
f 599//599 156//156 600//600
f 598//598 599//599 600//600
f 156//156 601//601 603//603
f 601//601 45//45 602//602
f 602//602 157//157 603//603
f 601//601 602//602 603//603
f 155//155 600//600 596//596
f 600//600 156//156 603//603
f 603//603 157//157 596//596
f 600//600 603//603 596//596
f 43//43 604//604 606//606
f 604//604 158//158 605//605
f 605//605 160//160 606//606
f 604//604 605//605 606//606
f 158//158 607//607 609//609
f 607//607 14//14 608//608
f 608//608 159//159 609//609
f 607//607 608//608 609//609
f 159//159 610//610 612//612
f 610//610 44//44 611//611
f 611//611 160//160 612//612
f 610//610 611//611 612//612
f 158//158 609//609 605//605
f 609//609 159//159 612//612
f 612//612 160//160 605//605
f 609//609 612//612 605//605
f 44//44 613//613 615//615
f 613//613 161//161 614//614
f 614//614 163//163 615//615
f 613//613 614//614 615//615
f 161//161 616//616 618//618
f 616//616 16//16 617//617
f 617//617 162//162 618//618
f 616//616 617//617 618//618
f 162//162 619//619 621//621
f 619//619 45//45 620//620
f 620//620 163//163 621//621
f 619//619 620//620 621//621
f 161//161 618//618 614//614
f 618//618 162//162 621//621
f 621//621 163//163 614//614
f 618//618 621//621 614//614
f 43//43 606//606 599//599
f 606//606 160//160 622//622
f 622//622 156//156 599//599
f 606//606 622//622 599//599
f 160//160 611//611 623//623
f 611//611 44//44 615//615
f 615//615 163//163 623//623
f 611//611 615//615 623//623
f 163//163 620//620 624//624
f 620//620 45//45 601//601
f 601//601 156//156 624//624
f 620//620 601//601 624//624
f 160//160 623//623 622//622
f 623//623 163//163 624//624
f 624//624 156//156 622//622
f 623//623 624//624 622//622
f 14//14 625//625 627//627
f 625//625 164//164 626//626
f 626//626 166//166 627//627
f 625//625 626//626 627//627
f 164//164 628//628 630//630
f 628//628 46//46 629//629
f 629//629 165//165 630//630
f 628//628 629//629 630//630
f 165//165 631//631 633//633
f 631//631 48//48 632//632
f 632//632 166//166 633//633
f 631//631 632//632 633//633
f 164//164 630//630 626//626
f 630//630 165//165 633//633
f 633//633 166//166 626//626
f 630//630 633//633 626//626
f 46//46 634//634 636//636
f 634//634 167//167 635//635
f 635//635 169//169 636//636
f 634//634 635//635 636//636
f 167//167 637//637 639//639
f 637//637 3//3 638//638
f 638//638 168//168 639//639
f 637//637 638//638 639//639
f 168//168 640//640 642//642
f 640//640 47//47 641//641
f 641//641 169//169 642//642
f 640//640 641//641 642//642
f 167//167 639//639 635//635
f 639//639 168//168 642//642
f 642//642 169//169 635//635
f 639//639 642//642 635//635
f 47//47 643//643 645//645
f 643//643 170//170 644//644
f 644//644 172//172 645//645
f 643//643 644//644 645//645
f 170//170 646//646 648//648
f 646//646 15//15 647//647
f 647//647 171//171 648//648
f 646//646 647//647 648//648
f 171//171 649//649 651//651
f 649//649 48//48 650//650
f 650//650 172//172 651//651
f 649//649 650//650 651//651
f 170//170 648//648 644//644
f 648//648 171//171 651//651
f 651//651 172//172 644//644
f 648//648 651//651 644//644
f 46//46 636//636 629//629
f 636//636 169//169 652//652
f 652//652 165//165 629//629
f 636//636 652//652 629//629
f 169//169 641//641 653//653
f 641//641 47//47 645//645
f 645//645 172//172 653//653
f 641//641 645//645 653//653
f 172//172 650//650 654//654
f 650//650 48//48 631//631
f 631//631 165//165 654//654
f 650//650 631//631 654//654
f 169//169 653//653 652//652
f 653//653 172//172 654//654
f 654//654 165//165 652//652
f 653//653 654//654 652//652
f 15//15 655//655 657//657
f 655//655 173//173 656//656
f 656//656 175//175 657//657
f 655//655 656//656 657//657
f 173//173 658//658 660//660
f 658//658 49//49 659//659
f 659//659 174//174 660//660
f 658//658 659//659 660//660
f 174//174 661//661 663//663
f 661//661 51//51 662//662
f 662//662 175//175 663//663
f 661//661 662//662 663//663
f 173//173 660//660 656//656
f 660//660 174//174 663//663
f 663//663 175//175 656//656
f 660//660 663//663 656//656
f 49//49 664//664 666//666
f 664//664 176//176 665//665
f 665//665 178//178 666//666
f 664//664 665//665 666//666
f 176//176 667//667 669//669
f 667//667 5//5 668//668
f 668//668 177//177 669//669
f 667//667 668//668 669//669
f 177//177 670//670 672//672
f 670//670 50//50 671//671
f 671//671 178//178 672//672
f 670//670 671//671 672//672
f 176//176 669//669 665//665
f 669//669 177//177 672//672
f 672//672 178//178 665//665
f 669//669 672//672 665//665
f 50//50 673//673 675//675
f 673//673 179//179 674//674
f 674//674 181//181 675//675
f 673//673 674//674 675//675
f 179//179 676//676 678//678
f 676//676 16//16 677//677
f 677//677 180//180 678//678
f 676//676 677//677 678//678
f 180//180 679//679 681//681
f 679//679 51//51 680//680
f 680//680 181//181 681//681
f 679//679 680//680 681//681
f 179//179 678//678 674//674
f 678//678 180//180 681//681
f 681//681 181//181 674//674
f 678//678 681//681 674//674
f 49//49 666//666 659//659
f 666//666 178//178 682//682
f 682//682 174//174 659//659
f 666//666 682//682 659//659
f 178//178 671//671 683//683
f 671//671 50//50 675//675
f 675//675 181//181 683//683
f 671//671 675//675 683//683
f 181//181 680//680 684//684
f 680//680 51//51 661//661
f 661//661 174//174 684//684
f 680//680 661//661 684//684
f 178//178 683//683 682//682
f 683//683 181//181 684//684
f 684//684 174//174 682//682
f 683//683 684//684 682//682
f 14//14 627//627 608//608
f 627//627 166//166 685//685
f 685//685 159//159 608//608
f 627//627 685//685 608//608
f 166//166 632//632 687//687
f 632//632 48//48 686//686
f 686//686 182//182 687//687
f 632//632 686//686 687//687
f 182//182 688//688 689//689
f 688//688 44//44 610//610
f 610//610 159//159 689//689
f 688//688 610//610 689//689
f 166//166 687//687 685//685
f 687//687 182//182 689//689
f 689//689 159//159 685//685
f 687//687 689//689 685//685
f 48//48 649//649 691//691
f 649//649 171//171 690//690
f 690//690 183//183 691//691
f 649//649 690//690 691//691
f 171//171 647//647 692//692
f 647//647 15//15 657//657
f 657//657 175//175 692//692
f 647//647 657//657 692//692
f 175//175 662//662 694//694
f 662//662 51//51 693//693
f 693//693 183//183 694//694
f 662//662 693//693 694//694
f 171//171 692//692 690//690
f 692//692 175//175 694//694
f 694//694 183//183 690//690
f 692//692 694//694 690//690
f 51//51 679//679 696//696
f 679//679 180//180 695//695
f 695//695 184//184 696//696
f 679//679 695//695 696//696
f 180//180 677//677 697//697
f 677//677 16//16 616//616
f 616//616 161//161 697//697
f 677//677 616//616 697//697
f 161//161 613//613 699//699
f 613//613 44//44 698//698
f 698//698 184//184 699//699
f 613//613 698//698 699//699
f 180//180 697//697 695//695
f 697//697 161//161 699//699
f 699//699 184//184 695//695
f 697//697 699//699 695//695
f 48//48 691//691 686//686
f 691//691 183//183 700//700
f 700//700 182//182 686//686
f 691//691 700//700 686//686
f 183//183 693//693 701//701
f 693//693 51//51 696//696
f 696//696 184//184 701//701
f 693//693 696//696 701//701
f 184//184 698//698 702//702
f 698//698 44//44 688//688
f 688//688 182//182 702//702
f 698//698 688//688 702//702
f 183//183 701//701 700//700
f 701//701 184//184 702//702
f 702//702 182//182 700//700
f 701//701 702//702 700//700
f 3//3 703//703 638//638
f 703//703 185//185 704//704
f 704//704 168//168 638//638
f 703//703 704//704 638//638
f 185//185 705//705 707//707
f 705//705 52//52 706//706
f 706//706 186//186 707//707
f 705//705 706//706 707//707
f 186//186 708//708 709//709
f 708//708 47//47 640//640
f 640//640 168//168 709//709
f 708//708 640//640 709//709
f 185//185 707//707 704//704
f 707//707 186//186 709//709
f 709//709 168//168 704//704
f 707//707 709//709 704//704
f 52//52 710//710 712//712
f 710//710 187//187 711//711
f 711//711 189//189 712//712
f 710//710 711//711 712//712
f 187//187 713//713 715//715
f 713//713 17//17 714//714
f 714//714 188//188 715//715
f 713//713 714//714 715//715
f 188//188 716//716 718//718
f 716//716 53//53 717//717
f 717//717 189//189 718//718
f 716//716 717//717 718//718
f 187//187 715//715 711//711
f 715//715 188//188 718//718
f 718//718 189//189 711//711
f 715//715 718//718 711//711
f 53//53 719//719 721//721
f 719//719 190//190 720//720
f 720//720 191//191 721//721
f 719//719 720//720 721//721
f 190//190 722//722 723//723
f 722//722 15//15 646//646
f 646//646 170//170 723//723
f 722//722 646//646 723//723
f 170//170 643//643 725//725
f 643//643 47//47 724//724
f 724//724 191//191 725//725
f 643//643 724//724 725//725
f 190//190 723//723 720//720
f 723//723 170//170 725//725
f 725//725 191//191 720//720
f 723//723 725//725 720//720
f 52//52 712//712 706//706
f 712//712 189//189 726//726
f 726//726 186//186 706//706
f 712//712 726//726 706//706
f 189//189 717//717 727//727
f 717//717 53//53 721//721
f 721//721 191//191 727//727
f 717//717 721//721 727//727
f 191//191 724//724 728//728
f 724//724 47//47 708//708
f 708//708 186//186 728//728
f 724//724 708//708 728//728
f 189//189 727//727 726//726
f 727//727 191//191 728//728
f 728//728 186//186 726//726
f 727//727 728//728 726//726
f 17//17 729//729 731//731
f 729//729 192//192 730//730
f 730//730 194//194 731//731
f 729//729 730//730 731//731
f 192//192 732//732 734//734
f 732//732 54//54 733//733
f 733//733 193//193 734//734
f 732//732 733//733 734//734
f 193//193 735//735 737//737
f 735//735 55//55 736//736
f 736//736 194//194 737//737
f 735//735 736//736 737//737
f 192//192 734//734 730//730
f 734//734 193//193 737//737
f 737//737 194//194 730//730
f 734//734 737//737 730//730
f 54//54 738//738 740//740
f 738//738 195//195 739//739
f 739//739 196//196 740//740
f 738//738 739//739 740//740
f 195//195 741//741 742//742
f 741//741 7//7 533//533
f 533//533 139//139 742//742
f 741//741 533//533 742//742
f 139//139 530//530 744//744
f 530//530 38//38 743//743
f 743//743 196//196 744//744
f 530//530 743//743 744//744
f 195//195 742//742 739//739
f 742//742 139//139 744//744
f 744//744 196//196 739//739
f 742//742 744//744 739//739
f 38//38 524//524 746//746
f 524//524 136//136 745//745
f 745//745 198//198 746//746
f 524//524 745//745 746//746
f 136//136 521//521 748//748
f 521//521 12//12 747//747
f 747//747 197//197 748//748
f 521//521 747//747 748//748
f 197//197 749//749 751//751
f 749//749 55//55 750//750
f 750//750 198//198 751//751
f 749//749 750//750 751//751
f 136//136 748//748 745//745
f 748//748 197//197 751//751
f 751//751 198//198 745//745
f 748//748 751//751 745//745
f 54//54 740//740 733//733
f 740//740 196//196 752//752
f 752//752 193//193 733//733
f 740//740 752//752 733//733
f 196//196 743//743 753//753
f 743//743 38//38 746//746
f 746//746 198//198 753//753
f 743//743 746//746 753//753
f 198//198 750//750 754//754
f 750//750 55//55 735//735
f 735//735 193//193 754//754
f 750//750 735//735 754//754
f 196//196 753//753 752//752
f 753//753 198//198 754//754
f 754//754 193//193 752//752
f 753//753 754//754 752//752
f 12//12 505//505 756//756
f 505//505 131//131 755//755
f 755//755 200//200 756//756
f 505//505 755//755 756//756
f 131//131 502//502 758//758
f 502//502 36//36 757//757
f 757//757 199//199 758//758
f 502//502 757//757 758//758
f 199//199 759//759 761//761
f 759//759 56//56 760//760
f 760//760 200//200 761//761
f 759//759 760//760 761//761
f 131//131 758//758 755//755
f 758//758 199//199 761//761
f 761//761 200//200 755//755
f 758//758 761//761 755//755
f 36//36 497//497 763//763
f 497//497 129//129 762//762
f 762//762 201//201 763//763
f 497//497 762//762 763//763
f 129//129 495//495 764//764
f 495//495 5//5 667//667
f 667//667 176//176 764//764
f 495//495 667//667 764//764
f 176//176 664//664 766//766
f 664//664 49//49 765//765
f 765//765 201//201 766//766
f 664//664 765//765 766//766
f 129//129 764//764 762//762
f 764//764 176//176 766//766
f 766//766 201//201 762//762
f 764//764 766//766 762//762
f 49//49 658//658 768//768
f 658//658 173//173 767//767
f 767//767 203//203 768//768
f 658//658 767//767 768//768
f 173//173 655//655 770//770
f 655//655 15//15 769//769
f 769//769 202//202 770//770
f 655//655 769//769 770//770
f 202//202 771//771 773//773
f 771//771 56//56 772//772
f 772//772 203//203 773//773
f 771//771 772//772 773//773
f 173//173 770//770 767//767
f 770//770 202//202 773//773
f 773//773 203//203 767//767
f 770//770 773//773 767//767
f 36//36 763//763 757//757
f 763//763 201//201 774//774
f 774//774 199//199 757//757
f 763//763 774//774 757//757
f 201//201 765//765 775//775
f 765//765 49//49 768//768
f 768//768 203//203 775//775
f 765//765 768//768 775//775
f 203//203 772//772 776//776
f 772//772 56//56 759//759
f 759//759 199//199 776//776
f 772//772 759//759 776//776
f 201//201 775//775 774//774
f 775//775 203//203 776//776
f 776//776 199//199 774//774
f 775//775 776//776 774//774
f 17//17 731//731 714//714
f 731//731 194//194 777//777
f 777//777 188//188 714//714
f 731//731 777//777 714//714
f 194//194 736//736 779//779
f 736//736 55//55 778//778
f 778//778 204//204 779//779
f 736//736 778//778 779//779
f 204//204 780//780 781//781
f 780//780 53//53 716//716
f 716//716 188//188 781//781
f 780//780 716//716 781//781
f 194//194 779//779 777//777
f 779//779 204//204 781//781
f 781//781 188//188 777//777
f 779//779 781//781 777//777
f 55//55 749//749 783//783
f 749//749 197//197 782//782
f 782//782 205//205 783//783
f 749//749 782//782 783//783
f 197//197 747//747 784//784
f 747//747 12//12 756//756
f 756//756 200//200 784//784
f 747//747 756//756 784//784
f 200//200 760//760 786//786
f 760//760 56//56 785//785
f 785//785 205//205 786//786
f 760//760 785//785 786//786
f 197//197 784//784 782//782
f 784//784 200//200 786//786
f 786//786 205//205 782//782
f 784//784 786//786 782//782
f 56//56 771//771 788//788
f 771//771 202//202 787//787
f 787//787 206//206 788//788
f 771//771 787//787 788//788
f 202//202 769//769 789//789
f 769//769 15//15 722//722
f 722//722 190//190 789//789
f 769//769 722//722 789//789
f 190//190 719//719 791//791
f 719//719 53//53 790//790
f 790//790 206//206 791//791
f 719//719 790//790 791//791
f 202//202 789//789 787//787
f 789//789 190//190 791//791
f 791//791 206//206 787//787
f 789//789 791//791 787//787
f 55//55 783//783 778//778
f 783//783 205//205 792//792
f 792//792 204//204 778//778
f 783//783 792//792 778//778
f 205//205 785//785 793//793
f 785//785 56//56 788//788
f 788//788 206//206 793//793
f 785//785 788//788 793//793
f 206//206 790//790 794//794
f 790//790 53//53 780//780
f 780//780 204//204 794//794
f 790//790 780//780 794//794
f 205//205 793//793 792//792
f 793//793 206//206 794//794
f 794//794 204//204 792//792
f 793//793 794//794 792//792
f 1//1 795//795 595//595
f 795//795 207//207 796//796
f 796//796 155//155 595//595
f 795//795 796//796 595//595
f 207//207 797//797 799//799
f 797//797 57//57 798//798
f 798//798 208//208 799//799
f 797//797 798//798 799//799
f 208//208 800//800 801//801
f 800//800 43//43 598//598
f 598//598 155//155 801//801
f 800//800 598//598 801//801
f 207//207 799//799 796//796
f 799//799 208//208 801//801
f 801//801 155//155 796//796
f 799//799 801//801 796//796
f 57//57 802//802 804//804
f 802//802 209//209 803//803
f 803//803 211//211 804//804
f 802//802 803//803 804//804
f 209//209 805//805 807//807
f 805//805 18//18 806//806
f 806//806 210//210 807//807
f 805//805 806//806 807//807
f 210//210 808//808 810//810
f 808//808 58//58 809//809
f 809//809 211//211 810//810
f 808//808 809//809 810//810
f 209//209 807//807 803//803
f 807//807 210//210 810//810
f 810//810 211//211 803//803
f 807//807 810//810 803//803
f 58//58 811//811 813//813
f 811//811 212//212 812//812
f 812//812 213//213 813//813
f 811//811 812//812 813//813
f 212//212 814//814 815//815
f 814//814 14//14 607//607
f 607//607 158//158 815//815
f 814//814 607//607 815//815
f 158//158 604//604 817//817
f 604//604 43//43 816//816
f 816//816 213//213 817//817
f 604//604 816//816 817//817
f 212//212 815//815 812//812
f 815//815 158//158 817//817
f 817//817 213//213 812//812
f 815//815 817//817 812//812
f 57//57 804//804 798//798
f 804//804 211//211 818//818
f 818//818 208//208 798//798
f 804//804 818//818 798//798
f 211//211 809//809 819//819
f 809//809 58//58 813//813
f 813//813 213//213 819//819
f 809//809 813//813 819//819
f 213//213 816//816 820//820
f 816//816 43//43 800//800
f 800//800 208//208 820//820
f 816//816 800//800 820//820
f 211//211 819//819 818//818
f 819//819 213//213 820//820
f 820//820 208//208 818//818
f 819//819 820//820 818//818
f 18//18 821//821 823//823
f 821//821 214//214 822//822
f 822//822 216//216 823//823
f 821//821 822//822 823//823
f 214//214 824//824 826//826
f 824//824 59//59 825//825
f 825//825 215//215 826//826
f 824//824 825//825 826//826
f 215//215 827//827 829//829
f 827//827 61//61 828//828
f 828//828 216//216 829//829
f 827//827 828//828 829//829
f 214//214 826//826 822//822
f 826//826 215//215 829//829
f 829//829 216//216 822//822
f 826//826 829//829 822//822
f 59//59 830//830 832//832
f 830//830 217//217 831//831
f 831//831 219//219 832//832
f 830//830 831//831 832//832
f 217//217 833//833 835//835
f 833//833 2//2 834//834
f 834//834 218//218 835//835
f 833//833 834//834 835//835
f 218//218 836//836 838//838
f 836//836 60//60 837//837
f 837//837 219//219 838//838
f 836//836 837//837 838//838
f 217//217 835//835 831//831
f 835//835 218//218 838//838
f 838//838 219//219 831//831
f 835//835 838//838 831//831
f 60//60 839//839 841//841
f 839//839 220//220 840//840
f 840//840 222//222 841//841
f 839//839 840//840 841//841
f 220//220 842//842 844//844
f 842//842 19//19 843//843
f 843//843 221//221 844//844
f 842//842 843//843 844//844
f 221//221 845//845 847//847
f 845//845 61//61 846//846
f 846//846 222//222 847//847
f 845//845 846//846 847//847
f 220//220 844//844 840//840
f 844//844 221//221 847//847
f 847//847 222//222 840//840
f 844//844 847//847 840//840
f 59//59 832//832 825//825
f 832//832 219//219 848//848
f 848//848 215//215 825//825
f 832//832 848//848 825//825
f 219//219 837//837 849//849
f 837//837 60//60 841//841
f 841//841 222//222 849//849
f 837//837 841//841 849//849
f 222//222 846//846 850//850
f 846//846 61//61 827//827
f 827//827 215//215 850//850
f 846//846 827//827 850//850
f 219//219 849//849 848//848
f 849//849 222//222 850//850
f 850//850 215//215 848//848
f 849//849 850//850 848//848
f 19//19 851//851 853//853
f 851//851 223//223 852//852
f 852//852 225//225 853//853
f 851//851 852//852 853//853
f 223//223 854//854 856//856
f 854//854 62//62 855//855
f 855//855 224//224 856//856
f 854//854 855//855 856//856
f 224//224 857//857 859//859
f 857//857 63//63 858//858
f 858//858 225//225 859//859
f 857//857 858//858 859//859
f 223//223 856//856 852//852
f 856//856 224//224 859//859
f 859//859 225//225 852//852
f 856//856 859//859 852//852
f 62//62 860//860 862//862
f 860//860 226//226 861//861
f 861//861 227//227 862//862
f 860//860 861//861 862//862
f 226//226 863//863 864//864
f 863//863 3//3 637//637
f 637//637 167//167 864//864
f 863//863 637//637 864//864
f 167//167 634//634 866//866
f 634//634 46//46 865//865
f 865//865 227//227 866//866
f 634//634 865//865 866//866
f 226//226 864//864 861//861
f 864//864 167//167 866//866
f 866//866 227//227 861//861
f 864//864 866//866 861//861
f 46//46 628//628 868//868
f 628//628 164//164 867//867
f 867//867 229//229 868//868
f 628//628 867//867 868//868
f 164//164 625//625 870//870
f 625//625 14//14 869//869
f 869//869 228//228 870//870
f 625//625 869//869 870//870
f 228//228 871//871 873//873
f 871//871 63//63 872//872
f 872//872 229//229 873//873
f 871//871 872//872 873//873
f 164//164 870//870 867//867
f 870//870 228//228 873//873
f 873//873 229//229 867//867
f 870//870 873//873 867//867
f 62//62 862//862 855//855
f 862//862 227//227 874//874
f 874//874 224//224 855//855
f 862//862 874//874 855//855
f 227//227 865//865 875//875
f 865//865 46//46 868//868
f 868//868 229//229 875//875
f 865//865 868//868 875//875
f 229//229 872//872 876//876
f 872//872 63//63 857//857
f 857//857 224//224 876//876
f 872//872 857//857 876//876
f 227//227 875//875 874//874
f 875//875 229//229 876//876
f 876//876 224//224 874//874
f 875//875 876//876 874//874
f 18//18 823//823 806//806
f 823//823 216//216 877//877
f 877//877 210//210 806//806
f 823//823 877//877 806//806
f 216//216 828//828 879//879
f 828//828 61//61 878//878
f 878//878 230//230 879//879
f 828//828 878//878 879//879
f 230//230 880//880 881//881
f 880//880 58//58 808//808
f 808//808 210//210 881//881
f 880//880 808//808 881//881
f 216//216 879//879 877//877
f 879//879 230//230 881//881
f 881//881 210//210 877//877
f 879//879 881//881 877//877
f 61//61 845//845 883//883
f 845//845 221//221 882//882
f 882//882 231//231 883//883
f 845//845 882//882 883//883
f 221//221 843//843 884//884
f 843//843 19//19 853//853
f 853//853 225//225 884//884
f 843//843 853//853 884//884
f 225//225 858//858 886//886
f 858//858 63//63 885//885
f 885//885 231//231 886//886
f 858//858 885//885 886//886
f 221//221 884//884 882//882
f 884//884 225//225 886//886
f 886//886 231//231 882//882
f 884//884 886//886 882//882
f 63//63 871//871 888//888
f 871//871 228//228 887//887
f 887//887 232//232 888//888
f 871//871 887//887 888//888
f 228//228 869//869 889//889
f 869//869 14//14 814//814
f 814//814 212//212 889//889
f 869//869 814//814 889//889
f 212//212 811//811 891//891
f 811//811 58//58 890//890
f 890//890 232//232 891//891
f 811//811 890//890 891//891
f 228//228 889//889 887//887
f 889//889 212//212 891//891
f 891//891 232//232 887//887
f 889//889 891//891 887//887
f 61//61 883//883 878//878
f 883//883 231//231 892//892
f 892//892 230//230 878//878
f 883//883 892//892 878//878
f 231//231 885//885 893//893
f 885//885 63//63 888//888
f 888//888 232//232 893//893
f 885//885 888//888 893//893
f 232//232 890//890 894//894
f 890//890 58//58 880//880
f 880//880 230//230 894//894
f 890//890 880//880 894//894
f 231//231 893//893 892//892
f 893//893 232//232 894//894
f 894//894 230//230 892//892
f 893//893 894//894 892//892
f 2//2 895//895 834//834
f 895//895 233//233 896//896
f 896//896 218//218 834//834
f 895//895 896//896 834//834
f 233//233 897//897 899//899
f 897//897 64//64 898//898
f 898//898 234//234 899//899
f 897//897 898//898 899//899
f 234//234 900//900 901//901
f 900//900 60//60 836//836
f 836//836 218//218 901//901
f 900//900 836//836 901//901
f 233//233 899//899 896//896
f 899//899 234//234 901//901
f 901//901 218//218 896//896
f 899//899 901//901 896//896
f 64//64 902//902 904//904
f 902//902 235//235 903//903
f 903//903 237//237 904//904
f 902//902 903//903 904//904
f 235//235 905//905 907//907
f 905//905 20//20 906//906
f 906//906 236//236 907//907
f 905//905 906//906 907//907
f 236//236 908//908 910//910
f 908//908 65//65 909//909
f 909//909 237//237 910//910
f 908//908 909//909 910//910
f 235//235 907//907 903//903
f 907//907 236//236 910//910
f 910//910 237//237 903//903
f 907//907 910//910 903//903
f 65//65 911//911 913//913
f 911//911 238//238 912//912
f 912//912 239//239 913//913
f 911//911 912//912 913//913
f 238//238 914//914 915//915
f 914//914 19//19 842//842
f 842//842 220//220 915//915
f 914//914 842//842 915//915
f 220//220 839//839 917//917
f 839//839 60//60 916//916
f 916//916 239//239 917//917
f 839//839 916//916 917//917
f 238//238 915//915 912//912
f 915//915 220//220 917//917
f 917//917 239//239 912//912
f 915//915 917//917 912//912
f 64//64 904//904 898//898
f 904//904 237//237 918//918
f 918//918 234//234 898//898
f 904//904 918//918 898//898
f 237//237 909//909 919//919
f 909//909 65//65 913//913
f 913//913 239//239 919//919
f 909//909 913//913 919//919
f 239//239 916//916 920//920
f 916//916 60//60 900//900
f 900//900 234//234 920//920
f 916//916 900//900 920//920
f 237//237 919//919 918//918
f 919//919 239//239 920//920
f 920//920 234//234 918//918
f 919//919 920//920 918//918
f 20//20 921//921 923//923
f 921//921 240//240 922//922
f 922//922 242//242 923//923
f 921//921 922//922 923//923
f 240//240 924//924 926//926
f 924//924 66//66 925//925
f 925//925 241//241 926//926
f 924//924 925//925 926//926
f 241//241 927//927 929//929
f 927//927 68//68 928//928
f 928//928 242//242 929//929
f 927//927 928//928 929//929
f 240//240 926//926 922//922
f 926//926 241//241 929//929
f 929//929 242//242 922//922
f 926//926 929//929 922//922
f 66//66 930//930 932//932
f 930//930 243//243 931//931
f 931//931 245//245 932//932
f 930//930 931//931 932//932
f 243//243 933//933 935//935
f 933//933 4//4 934//934
f 934//934 244//244 935//935
f 933//933 934//934 935//935
f 244//244 936//936 938//938
f 936//936 67//67 937//937
f 937//937 245//245 938//938
f 936//936 937//937 938//938
f 243//243 935//935 931//931
f 935//935 244//244 938//938
f 938//938 245//245 931//931
f 935//935 938//938 931//931
f 67//67 939//939 941//941
f 939//939 246//246 940//940
f 940//940 248//248 941//941
f 939//939 940//940 941//941
f 246//246 942//942 944//944
f 942//942 21//21 943//943
f 943//943 247//247 944//944
f 942//942 943//943 944//944
f 247//247 945//945 947//947
f 945//945 68//68 946//946
f 946//946 248//248 947//947
f 945//945 946//946 947//947
f 246//246 944//944 940//940
f 944//944 247//247 947//947
f 947//947 248//248 940//940
f 944//944 947//947 940//940
f 66//66 932//932 925//925
f 932//932 245//245 948//948
f 948//948 241//241 925//925
f 932//932 948//948 925//925
f 245//245 937//937 949//949
f 937//937 67//67 941//941
f 941//941 248//248 949//949
f 937//937 941//941 949//949
f 248//248 946//946 950//950
f 946//946 68//68 927//927
f 927//927 241//241 950//950
f 946//946 927//927 950//950
f 245//245 949//949 948//948
f 949//949 248//248 950//950
f 950//950 241//241 948//948
f 949//949 950//950 948//948
f 21//21 951//951 953//953
f 951//951 249//249 952//952
f 952//952 251//251 953//953
f 951//951 952//952 953//953
f 249//249 954//954 956//956
f 954//954 69//69 955//955
f 955//955 250//250 956//956
f 954//954 955//955 956//956
f 250//250 957//957 959//959
f 957//957 70//70 958//958
f 958//958 251//251 959//959
f 957//957 958//958 959//959
f 249//249 956//956 952//952
f 956//956 250//250 959//959
f 959//959 251//251 952//952
f 956//956 959//959 952//952
f 69//69 960//960 962//962
f 960//960 252//252 961//961
f 961//961 253//253 962//962
f 960//960 961//961 962//962
f 252//252 963//963 964//964
f 963//963 3//3 863//863
f 863//863 226//226 964//964
f 963//963 863//863 964//964
f 226//226 860//860 966//966
f 860//860 62//62 965//965
f 965//965 253//253 966//966
f 860//860 965//965 966//966
f 252//252 964//964 961//961
f 964//964 226//226 966//966
f 966//966 253//253 961//961
f 964//964 966//966 961//961
f 62//62 854//854 968//968
f 854//854 223//223 967//967
f 967//967 255//255 968//968
f 854//854 967//967 968//968
f 223//223 851//851 970//970
f 851//851 19//19 969//969
f 969//969 254//254 970//970
f 851//851 969//969 970//970
f 254//254 971//971 973//973
f 971//971 70//70 972//972
f 972//972 255//255 973//973
f 971//971 972//972 973//973
f 223//223 970//970 967//967
f 970//970 254//254 973//973
f 973//973 255//255 967//967
f 970//970 973//973 967//967
f 69//69 962//962 955//955
f 962//962 253//253 974//974
f 974//974 250//250 955//955
f 962//962 974//974 955//955
f 253//253 965//965 975//975
f 965//965 62//62 968//968
f 968//968 255//255 975//975
f 965//965 968//968 975//975
f 255//255 972//972 976//976
f 972//972 70//70 957//957
f 957//957 250//250 976//976
f 972//972 957//957 976//976
f 253//253 975//975 974//974
f 975//975 255//255 976//976
f 976//976 250//250 974//974
f 975//975 976//976 974//974
f 20//20 923//923 906//906
f 923//923 242//242 977//977
f 977//977 236//236 906//906
f 923//923 977//977 906//906
f 242//242 928//928 979//979
f 928//928 68//68 978//978
f 978//978 256//256 979//979
f 928//928 978//978 979//979
f 256//256 980//980 981//981
f 980//980 65//65 908//908
f 908//908 236//236 981//981
f 980//980 908//908 981//981
f 242//242 979//979 977//977
f 979//979 256//256 981//981
f 981//981 236//236 977//977
f 979//979 981//981 977//977
f 68//68 945//945 983//983
f 945//945 247//247 982//982
f 982//982 257//257 983//983
f 945//945 982//982 983//983
f 247//247 943//943 984//984
f 943//943 21//21 953//953
f 953//953 251//251 984//984
f 943//943 953//953 984//984
f 251//251 958//958 986//986
f 958//958 70//70 985//985
f 985//985 257//257 986//986
f 958//958 985//985 986//986
f 247//247 984//984 982//982
f 984//984 251//251 986//986
f 986//986 257//257 982//982
f 984//984 986//986 982//982
f 70//70 971//971 988//988
f 971//971 254//254 987//987
f 987//987 258//258 988//988
f 971//971 987//987 988//988
f 254//254 969//969 989//989
f 969//969 19//19 914//914
f 914//914 238//238 989//989
f 969//969 914//914 989//989
f 238//238 911//911 991//991
f 911//911 65//65 990//990
f 990//990 258//258 991//991
f 911//911 990//990 991//991
f 254//254 989//989 987//987
f 989//989 238//238 991//991
f 991//991 258//258 987//987
f 989//989 991//991 987//987
f 68//68 983//983 978//978
f 983//983 257//257 992//992
f 992//992 256//256 978//978
f 983//983 992//992 978//978
f 257//257 985//985 993//993
f 985//985 70//70 988//988
f 988//988 258//258 993//993
f 985//985 988//988 993//993
f 258//258 990//990 994//994
f 990//990 65//65 980//980
f 980//980 256//256 994//994
f 990//990 980//980 994//994
f 257//257 993//993 992//992
f 993//993 258//258 994//994
f 994//994 256//256 992//992
f 993//993 994//994 992//992
f 2//2 995//995 997//997
f 995//995 259//259 996//996
f 996//996 261//261 997//997
f 995//995 996//996 997//997
f 259//259 998//998 1000//1000
f 998//998 71//71 999//999
f 999//999 260//260 1000//1000
f 998//998 999//999 1000//1000
f 260//260 1001//1001 1003//1003
f 1001//1001 73//73 1002//1002
f 1002//1002 261//261 1003//1003
f 1001//1001 1002//1002 1003//1003
f 259//259 1000//1000 996//996
f 1000//1000 260//260 1003//1003
f 1003//1003 261//261 996//996
f 1000//1000 1003//1003 996//996
f 71//71 1004//1004 1006//1006
f 1004//1004 262//262 1005//1005
f 1005//1005 264//264 1006//1006
f 1004//1004 1005//1005 1006//1006
f 262//262 1007//1007 1009//1009
f 1007//1007 22//22 1008//1008
f 1008//1008 263//263 1009//1009
f 1007//1007 1008//1008 1009//1009
f 263//263 1010//1010 1012//1012
f 1010//1010 72//72 1011//1011
f 1011//1011 264//264 1012//1012
f 1010//1010 1011//1011 1012//1012
f 262//262 1009//1009 1005//1005
f 1009//1009 263//263 1012//1012
f 1012//1012 264//264 1005//1005
f 1009//1009 1012//1012 1005//1005
f 72//72 1013//1013 1015//1015
f 1013//1013 265//265 1014//1014
f 1014//1014 267//267 1015//1015
f 1013//1013 1014//1014 1015//1015
f 265//265 1016//1016 1018//1018
f 1016//1016 23//23 1017//1017
f 1017//1017 266//266 1018//1018
f 1016//1016 1017//1017 1018//1018
f 266//266 1019//1019 1021//1021
f 1019//1019 73//73 1020//1020
f 1020//1020 267//267 1021//1021
f 1019//1019 1020//1020 1021//1021
f 265//265 1018//1018 1014//1014
f 1018//1018 266//266 1021//1021
f 1021//1021 267//267 1014//1014
f 1018//1018 1021//1021 1014//1014
f 71//71 1006//1006 999//999
f 1006//1006 264//264 1022//1022
f 1022//1022 260//260 999//999
f 1006//1006 1022//1022 999//999
f 264//264 1011//1011 1023//1023
f 1011//1011 72//72 1015//1015
f 1015//1015 267//267 1023//1023
f 1011//1011 1015//1015 1023//1023
f 267//267 1020//1020 1024//1024
f 1020//1020 73//73 1001//1001
f 1001//1001 260//260 1024//1024
f 1020//1020 1001//1001 1024//1024
f 264//264 1023//1023 1022//1022
f 1023//1023 267//267 1024//1024
f 1024//1024 260//260 1022//1022
f 1023//1023 1024//1024 1022//1022
f 22//22 1025//1025 1027//1027
f 1025//1025 268//268 1026//1026
f 1026//1026 270//270 1027//1027
f 1025//1025 1026//1026 1027//1027
f 268//268 1028//1028 1030//1030
f 1028//1028 74//74 1029//1029
f 1029//1029 269//269 1030//1030
f 1028//1028 1029//1029 1030//1030
f 269//269 1031//1031 1033//1033
f 1031//1031 75//75 1032//1032
f 1032//1032 270//270 1033//1033
f 1031//1031 1032//1032 1033//1033
f 268//268 1030//1030 1026//1026
f 1030//1030 269//269 1033//1033
f 1033//1033 270//270 1026//1026
f 1030//1030 1033//1033 1026//1026
f 74//74 1034//1034 1036//1036
f 1034//1034 271//271 1035//1035
f 1035//1035 272//272 1036//1036
f 1034//1034 1035//1035 1036//1036
f 271//271 1037//1037 1038//1038
f 1037//1037 6//6 459//459
f 459//459 120//120 1038//1038
f 1037//1037 459//459 1038//1038
f 120//120 456//456 1040//1040
f 456//456 33//33 1039//1039
f 1039//1039 272//272 1040//1040
f 456//456 1039//1039 1040//1040
f 271//271 1038//1038 1035//1035
f 1038//1038 120//120 1040//1040
f 1040//1040 272//272 1035//1035
f 1038//1038 1040//1040 1035//1035
f 33//33 450//450 1042//1042
f 450//450 117//117 1041//1041
f 1041//1041 274//274 1042//1042
f 450//450 1041//1041 1042//1042
f 117//117 447//447 1044//1044
f 447//447 10//10 1043//1043
f 1043//1043 273//273 1044//1044
f 447//447 1043//1043 1044//1044
f 273//273 1045//1045 1047//1047
f 1045//1045 75//75 1046//1046
f 1046//1046 274//274 1047//1047
f 1045//1045 1046//1046 1047//1047
f 117//117 1044//1044 1041//1041
f 1044//1044 273//273 1047//1047
f 1047//1047 274//274 1041//1041
f 1044//1044 1047//1047 1041//1041
f 74//74 1036//1036 1029//1029
f 1036//1036 272//272 1048//1048
f 1048//1048 269//269 1029//1029
f 1036//1036 1048//1048 1029//1029
f 272//272 1039//1039 1049//1049
f 1039//1039 33//33 1042//1042
f 1042//1042 274//274 1049//1049
f 1039//1039 1042//1042 1049//1049
f 274//274 1046//1046 1050//1050
f 1046//1046 75//75 1031//1031
f 1031//1031 269//269 1050//1050
f 1046//1046 1031//1031 1050//1050
f 272//272 1049//1049 1048//1048
f 1049//1049 274//274 1050//1050
f 1050//1050 269//269 1048//1048
f 1049//1049 1050//1050 1048//1048
f 10//10 438//438 1052//1052
f 438//438 114//114 1051//1051
f 1051//1051 276//276 1052//1052
f 438//438 1051//1051 1052//1052
f 114//114 435//435 1054//1054
f 435//435 31//31 1053//1053
f 1053//1053 275//275 1054//1054
f 435//435 1053//1053 1054//1054
f 275//275 1055//1055 1057//1057
f 1055//1055 77//77 1056//1056
f 1056//1056 276//276 1057//1057
f 1055//1055 1056//1056 1057//1057
f 114//114 1054//1054 1051//1051
f 1054//1054 275//275 1057//1057
f 1057//1057 276//276 1051//1051
f 1054//1054 1057//1057 1051//1051
f 31//31 432//432 1059//1059
f 432//432 112//112 1058//1058
f 1058//1058 278//278 1059//1059
f 432//432 1058//1058 1059//1059
f 112//112 430//430 1061//1061
f 430//430 8//8 1060//1060
f 1060//1060 277//277 1061//1061
f 430//430 1060//1060 1061//1061
f 277//277 1062//1062 1064//1064
f 1062//1062 76//76 1063//1063
f 1063//1063 278//278 1064//1064
f 1062//1062 1063//1063 1064//1064
f 112//112 1061//1061 1058//1058
f 1061//1061 277//277 1064//1064
f 1064//1064 278//278 1058//1058
f 1061//1061 1064//1064 1058//1058
f 76//76 1065//1065 1067//1067
f 1065//1065 279//279 1066//1066
f 1066//1066 281//281 1067//1067
f 1065//1065 1066//1066 1067//1067
f 279//279 1068//1068 1070//1070
f 1068//1068 23//23 1069//1069
f 1069//1069 280//280 1070//1070
f 1068//1068 1069//1069 1070//1070
f 280//280 1071//1071 1073//1073
f 1071//1071 77//77 1072//1072
f 1072//1072 281//281 1073//1073
f 1071//1071 1072//1072 1073//1073
f 279//279 1070//1070 1066//1066
f 1070//1070 280//280 1073//1073
f 1073//1073 281//281 1066//1066
f 1070//1070 1073//1073 1066//1066
f 31//31 1059//1059 1053//1053
f 1059//1059 278//278 1074//1074
f 1074//1074 275//275 1053//1053
f 1059//1059 1074//1074 1053//1053
f 278//278 1063//1063 1075//1075
f 1063//1063 76//76 1067//1067
f 1067//1067 281//281 1075//1075
f 1063//1063 1067//1067 1075//1075
f 281//281 1072//1072 1076//1076
f 1072//1072 77//77 1055//1055
f 1055//1055 275//275 1076//1076
f 1072//1072 1055//1055 1076//1076
f 278//278 1075//1075 1074//1074
f 1075//1075 281//281 1076//1076
f 1076//1076 275//275 1074//1074
f 1075//1075 1076//1076 1074//1074
f 22//22 1027//1027 1008//1008
f 1027//1027 270//270 1077//1077
f 1077//1077 263//263 1008//1008
f 1027//1027 1077//1077 1008//1008
f 270//270 1032//1032 1079//1079
f 1032//1032 75//75 1078//1078
f 1078//1078 282//282 1079//1079
f 1032//1032 1078//1078 1079//1079
f 282//282 1080//1080 1081//1081
f 1080//1080 72//72 1010//1010
f 1010//1010 263//263 1081//1081
f 1080//1080 1010//1010 1081//1081
f 270//270 1079//1079 1077//1077
f 1079//1079 282//282 1081//1081
f 1081//1081 263//263 1077//1077
f 1079//1079 1081//1081 1077//1077
f 75//75 1045//1045 1083//1083
f 1045//1045 273//273 1082//1082
f 1082//1082 283//283 1083//1083
f 1045//1045 1082//1082 1083//1083
f 273//273 1043//1043 1084//1084
f 1043//1043 10//10 1052//1052
f 1052//1052 276//276 1084//1084
f 1043//1043 1052//1052 1084//1084
f 276//276 1056//1056 1086//1086
f 1056//1056 77//77 1085//1085
f 1085//1085 283//283 1086//1086
f 1056//1056 1085//1085 1086//1086
f 273//273 1084//1084 1082//1082
f 1084//1084 276//276 1086//1086
f 1086//1086 283//283 1082//1082
f 1084//1084 1086//1086 1082//1082
f 77//77 1071//1071 1088//1088
f 1071//1071 280//280 1087//1087
f 1087//1087 284//284 1088//1088
f 1071//1071 1087//1087 1088//1088
f 280//280 1069//1069 1089//1089
f 1069//1069 23//23 1016//1016
f 1016//1016 265//265 1089//1089
f 1069//1069 1016//1016 1089//1089
f 265//265 1013//1013 1091//1091
f 1013//1013 72//72 1090//1090
f 1090//1090 284//284 1091//1091
f 1013//1013 1090//1090 1091//1091
f 280//280 1089//1089 1087//1087
f 1089//1089 265//265 1091//1091
f 1091//1091 284//284 1087//1087
f 1089//1089 1091//1091 1087//1087
f 75//75 1083//1083 1078//1078
f 1083//1083 283//283 1092//1092
f 1092//1092 282//282 1078//1078
f 1083//1083 1092//1092 1078//1078
f 283//283 1085//1085 1093//1093
f 1085//1085 77//77 1088//1088
f 1088//1088 284//284 1093//1093
f 1085//1085 1088//1088 1093//1093
f 284//284 1090//1090 1094//1094
f 1090//1090 72//72 1080//1080
f 1080//1080 282//282 1094//1094
f 1090//1090 1080//1080 1094//1094
f 283//283 1093//1093 1092//1092
f 1093//1093 284//284 1094//1094
f 1094//1094 282//282 1092//1092
f 1093//1093 1094//1094 1092//1092
f 2//2 997//997 895//895
f 997//997 261//261 1095//1095
f 1095//1095 233//233 895//895
f 997//997 1095//1095 895//895
f 261//261 1002//1002 1097//1097
f 1002//1002 73//73 1096//1096
f 1096//1096 285//285 1097//1097
f 1002//1002 1096//1096 1097//1097
f 285//285 1098//1098 1099//1099
f 1098//1098 64//64 897//897
f 897//897 233//233 1099//1099
f 1098//1098 897//897 1099//1099
f 261//261 1097//1097 1095//1095
f 1097//1097 285//285 1099//1099
f 1099//1099 233//233 1095//1095
f 1097//1097 1099//1099 1095//1095
f 73//73 1019//1019 1101//1101
f 1019//1019 266//266 1100//1100
f 1100//1100 287//287 1101//1101
f 1019//1019 1100//1100 1101//1101
f 266//266 1017//1017 1103//1103
f 1017//1017 23//23 1102//1102
f 1102//1102 286//286 1103//1103
f 1017//1017 1102//1102 1103//1103
f 286//286 1104//1104 1106//1106
f 1104//1104 78//78 1105//1105
f 1105//1105 287//287 1106//1106
f 1104//1104 1105//1105 1106//1106
f 266//266 1103//1103 1100//1100
f 1103//1103 286//286 1106//1106
f 1106//1106 287//287 1100//1100
f 1103//1103 1106//1106 1100//1100
f 78//78 1107//1107 1109//1109
f 1107//1107 288//288 1108//1108
f 1108//1108 289//289 1109//1109
f 1107//1107 1108//1108 1109//1109
f 288//288 1110//1110 1111//1111
f 1110//1110 20//20 905//905
f 905//905 235//235 1111//1111
f 1110//1110 905//905 1111//1111
f 235//235 902//902 1113//1113
f 902//902 64//64 1112//1112
f 1112//1112 289//289 1113//1113
f 902//902 1112//1112 1113//1113
f 288//288 1111//1111 1108//1108
f 1111//1111 235//235 1113//1113
f 1113//1113 289//289 1108//1108
f 1111//1111 1113//1113 1108//1108
f 73//73 1101//1101 1096//1096
f 1101//1101 287//287 1114//1114
f 1114//1114 285//285 1096//1096
f 1101//1101 1114//1114 1096//1096
f 287//287 1105//1105 1115//1115
f 1105//1105 78//78 1109//1109
f 1109//1109 289//289 1115//1115
f 1105//1105 1109//1109 1115//1115
f 289//289 1112//1112 1116//1116
f 1112//1112 64//64 1098//1098
f 1098//1098 285//285 1116//1116
f 1112//1112 1098//1098 1116//1116
f 287//287 1115//1115 1114//1114
f 1115//1115 289//289 1116//1116
f 1116//1116 285//285 1114//1114
f 1115//1115 1116//1116 1114//1114
f 23//23 1068//1068 1118//1118
f 1068//1068 279//279 1117//1117
f 1117//1117 291//291 1118//1118
f 1068//1068 1117//1117 1118//1118
f 279//279 1065//1065 1120//1120
f 1065//1065 76//76 1119//1119
f 1119//1119 290//290 1120//1120
f 1065//1065 1119//1119 1120//1120
f 290//290 1121//1121 1123//1123
f 1121//1121 80//80 1122//1122
f 1122//1122 291//291 1123//1123
f 1121//1121 1122//1122 1123//1123
f 279//279 1120//1120 1117//1117
f 1120//1120 290//290 1123//1123
f 1123//1123 291//291 1117//1117
f 1120//1120 1123//1123 1117//1117
f 76//76 1062//1062 1125//1125
f 1062//1062 277//277 1124//1124
f 1124//1124 293//293 1125//1125
f 1062//1062 1124//1124 1125//1125
f 277//277 1060//1060 1127//1127
f 1060//1060 8//8 1126//1126
f 1126//1126 292//292 1127//1127
f 1060//1060 1126//1126 1127//1127
f 292//292 1128//1128 1130//1130
f 1128//1128 79//79 1129//1129
f 1129//1129 293//293 1130//1130
f 1128//1128 1129//1129 1130//1130
f 277//277 1127//1127 1124//1124
f 1127//1127 292//292 1130//1130
f 1130//1130 293//293 1124//1124
f 1127//1127 1130//1130 1124//1124
f 79//79 1131//1131 1133//1133
f 1131//1131 294//294 1132//1132
f 1132//1132 296//296 1133//1133
f 1131//1131 1132//1132 1133//1133
f 294//294 1134//1134 1136//1136
f 1134//1134 24//24 1135//1135
f 1135//1135 295//295 1136//1136
f 1134//1134 1135//1135 1136//1136
f 295//295 1137//1137 1139//1139
f 1137//1137 80//80 1138//1138
f 1138//1138 296//296 1139//1139
f 1137//1137 1138//1138 1139//1139
f 294//294 1136//1136 1132//1132
f 1136//1136 295//295 1139//1139
f 1139//1139 296//296 1132//1132
f 1136//1136 1139//1139 1132//1132
f 76//76 1125//1125 1119//1119
f 1125//1125 293//293 1140//1140
f 1140//1140 290//290 1119//1119
f 1125//1125 1140//1140 1119//1119
f 293//293 1129//1129 1141//1141
f 1129//1129 79//79 1133//1133
f 1133//1133 296//296 1141//1141
f 1129//1129 1133//1133 1141//1141
f 296//296 1138//1138 1142//1142
f 1138//1138 80//80 1121//1121
f 1121//1121 290//290 1142//1142
f 1138//1138 1121//1121 1142//1142
f 293//293 1141//1141 1140//1140
f 1141//1141 296//296 1142//1142
f 1142//1142 290//290 1140//1140
f 1141//1141 1142//1142 1140//1140
f 24//24 1143//1143 1145//1145
f 1143//1143 297//297 1144//1144
f 1144//1144 299//299 1145//1145
f 1143//1143 1144//1144 1145//1145
f 297//297 1146//1146 1148//1148
f 1146//1146 81//81 1147//1147
f 1147//1147 298//298 1148//1148
f 1146//1146 1147//1147 1148//1148
f 298//298 1149//1149 1151//1151
f 1149//1149 82//82 1150//1150
f 1150//1150 299//299 1151//1151
f 1149//1149 1150//1150 1151//1151
f 297//297 1148//1148 1144//1144
f 1148//1148 298//298 1151//1151
f 1151//1151 299//299 1144//1144
f 1148//1148 1151//1151 1144//1144
f 81//81 1152//1152 1154//1154
f 1152//1152 300//300 1153//1153
f 1153//1153 301//301 1154//1154
f 1152//1152 1153//1153 1154//1154
f 300//300 1155//1155 1156//1156
f 1155//1155 4//4 933//933
f 933//933 243//243 1156//1156
f 1155//1155 933//933 1156//1156
f 243//243 930//930 1158//1158
f 930//930 66//66 1157//1157
f 1157//1157 301//301 1158//1158
f 930//930 1157//1157 1158//1158
f 300//300 1156//1156 1153//1153
f 1156//1156 243//243 1158//1158
f 1158//1158 301//301 1153//1153
f 1156//1156 1158//1158 1153//1153
f 66//66 924//924 1160//1160
f 924//924 240//240 1159//1159
f 1159//1159 303//303 1160//1160
f 924//924 1159//1159 1160//1160
f 240//240 921//921 1162//1162
f 921//921 20//20 1161//1161
f 1161//1161 302//302 1162//1162
f 921//921 1161//1161 1162//1162
f 302//302 1163//1163 1165//1165
f 1163//1163 82//82 1164//1164
f 1164//1164 303//303 1165//1165
f 1163//1163 1164//1164 1165//1165
f 240//240 1162//1162 1159//1159
f 1162//1162 302//302 1165//1165
f 1165//1165 303//303 1159//1159
f 1162//1162 1165//1165 1159//1159
f 81//81 1154//1154 1147//1147
f 1154//1154 301//301 1166//1166
f 1166//1166 298//298 1147//1147
f 1154//1154 1166//1166 1147//1147
f 301//301 1157//1157 1167//1167
f 1157//1157 66//66 1160//1160
f 1160//1160 303//303 1167//1167
f 1157//1157 1160//1160 1167//1167
f 303//303 1164//1164 1168//1168
f 1164//1164 82//82 1149//1149
f 1149//1149 298//298 1168//1168
f 1164//1164 1149//1149 1168//1168
f 301//301 1167//1167 1166//1166
f 1167//1167 303//303 1168//1168
f 1168//1168 298//298 1166//1166
f 1167//1167 1168//1168 1166//1166
f 23//23 1118//1118 1102//1102
f 1118//1118 291//291 1169//1169
f 1169//1169 286//286 1102//1102
f 1118//1118 1169//1169 1102//1102
f 291//291 1122//1122 1171//1171
f 1122//1122 80//80 1170//1170
f 1170//1170 304//304 1171//1171
f 1122//1122 1170//1170 1171//1171
f 304//304 1172//1172 1173//1173
f 1172//1172 78//78 1104//1104
f 1104//1104 286//286 1173//1173
f 1172//1172 1104//1104 1173//1173
f 291//291 1171//1171 1169//1169
f 1171//1171 304//304 1173//1173
f 1173//1173 286//286 1169//1169
f 1171//1171 1173//1173 1169//1169
f 80//80 1137//1137 1175//1175
f 1137//1137 295//295 1174//1174
f 1174//1174 305//305 1175//1175
f 1137//1137 1174//1174 1175//1175
f 295//295 1135//1135 1176//1176
f 1135//1135 24//24 1145//1145
f 1145//1145 299//299 1176//1176
f 1135//1135 1145//1145 1176//1176
f 299//299 1150//1150 1178//1178
f 1150//1150 82//82 1177//1177
f 1177//1177 305//305 1178//1178
f 1150//1150 1177//1177 1178//1178
f 295//295 1176//1176 1174//1174
f 1176//1176 299//299 1178//1178
f 1178//1178 305//305 1174//1174
f 1176//1176 1178//1178 1174//1174
f 82//82 1163//1163 1180//1180
f 1163//1163 302//302 1179//1179
f 1179//1179 306//306 1180//1180
f 1163//1163 1179//1179 1180//1180
f 302//302 1161//1161 1181//1181
f 1161//1161 20//20 1110//1110
f 1110//1110 288//288 1181//1181
f 1161//1161 1110//1110 1181//1181
f 288//288 1107//1107 1183//1183
f 1107//1107 78//78 1182//1182
f 1182//1182 306//306 1183//1183
f 1107//1107 1182//1182 1183//1183
f 302//302 1181//1181 1179//1179
f 1181//1181 288//288 1183//1183
f 1183//1183 306//306 1179//1179
f 1181//1181 1183//1183 1179//1179
f 80//80 1175//1175 1170//1170
f 1175//1175 305//305 1184//1184
f 1184//1184 304//304 1170//1170
f 1175//1175 1184//1184 1170//1170
f 305//305 1177//1177 1185//1185
f 1177//1177 82//82 1180//1180
f 1180//1180 306//306 1185//1185
f 1177//1177 1180//1180 1185//1185
f 306//306 1182//1182 1186//1186
f 1182//1182 78//78 1172//1172
f 1172//1172 304//304 1186//1186
f 1182//1182 1172//1172 1186//1186
f 305//305 1185//1185 1184//1184
f 1185//1185 306//306 1186//1186
f 1186//1186 304//304 1184//1184
f 1185//1185 1186//1186 1184//1184
f 3//3 963//963 1188//1188
f 963//963 252//252 1187//1187
f 1187//1187 308//308 1188//1188
f 963//963 1187//1187 1188//1188
f 252//252 960//960 1190//1190
f 960//960 69//69 1189//1189
f 1189//1189 307//307 1190//1190
f 960//960 1189//1189 1190//1190
f 307//307 1191//1191 1193//1193
f 1191//1191 84//84 1192//1192
f 1192//1192 308//308 1193//1193
f 1191//1191 1192//1192 1193//1193
f 252//252 1190//1190 1187//1187
f 1190//1190 307//307 1193//1193
f 1193//1193 308//308 1187//1187
f 1190//1190 1193//1193 1187//1187
f 69//69 954//954 1195//1195
f 954//954 249//249 1194//1194
f 1194//1194 310//310 1195//1195
f 954//954 1194//1194 1195//1195
f 249//249 951//951 1197//1197
f 951//951 21//21 1196//1196
f 1196//1196 309//309 1197//1197
f 951//951 1196//1196 1197//1197
f 309//309 1198//1198 1200//1200
f 1198//1198 83//83 1199//1199
f 1199//1199 310//310 1200//1200
f 1198//1198 1199//1199 1200//1200
f 249//249 1197//1197 1194//1194
f 1197//1197 309//309 1200//1200
f 1200//1200 310//310 1194//1194
f 1197//1197 1200//1200 1194//1194
f 83//83 1201//1201 1203//1203
f 1201//1201 311//311 1202//1202
f 1202//1202 313//313 1203//1203
f 1201//1201 1202//1202 1203//1203
f 311//311 1204//1204 1206//1206
f 1204//1204 25//25 1205//1205
f 1205//1205 312//312 1206//1206
f 1204//1204 1205//1205 1206//1206
f 312//312 1207//1207 1209//1209
f 1207//1207 84//84 1208//1208
f 1208//1208 313//313 1209//1209
f 1207//1207 1208//1208 1209//1209
f 311//311 1206//1206 1202//1202
f 1206//1206 312//312 1209//1209
f 1209//1209 313//313 1202//1202
f 1206//1206 1209//1209 1202//1202
f 69//69 1195//1195 1189//1189
f 1195//1195 310//310 1210//1210
f 1210//1210 307//307 1189//1189
f 1195//1195 1210//1210 1189//1189
f 310//310 1199//1199 1211//1211
f 1199//1199 83//83 1203//1203
f 1203//1203 313//313 1211//1211
f 1199//1199 1203//1203 1211//1211
f 313//313 1208//1208 1212//1212
f 1208//1208 84//84 1191//1191
f 1191//1191 307//307 1212//1212
f 1208//1208 1191//1191 1212//1212
f 310//310 1211//1211 1210//1210
f 1211//1211 313//313 1212//1212
f 1212//1212 307//307 1210//1210
f 1211//1211 1212//1212 1210//1210
f 21//21 942//942 1214//1214
f 942//942 246//246 1213//1213
f 1213//1213 315//315 1214//1214
f 942//942 1213//1213 1214//1214
f 246//246 939//939 1216//1216
f 939//939 67//67 1215//1215
f 1215//1215 314//314 1216//1216
f 939//939 1215//1215 1216//1216
f 314//314 1217//1217 1219//1219
f 1217//1217 85//85 1218//1218
f 1218//1218 315//315 1219//1219
f 1217//1217 1218//1218 1219//1219
f 246//246 1216//1216 1213//1213
f 1216//1216 314//314 1219//1219
f 1219//1219 315//315 1213//1213
f 1216//1216 1219//1219 1213//1213
f 67//67 936//936 1221//1221
f 936//936 244//244 1220//1220
f 1220//1220 316//316 1221//1221
f 936//936 1220//1220 1221//1221
f 244//244 934//934 1222//1222
f 934//934 4//4 1155//1155
f 1155//1155 300//300 1222//1222
f 934//934 1155//1155 1222//1222
f 300//300 1152//1152 1224//1224
f 1152//1152 81//81 1223//1223
f 1223//1223 316//316 1224//1224
f 1152//1152 1223//1223 1224//1224
f 244//244 1222//1222 1220//1220
f 1222//1222 300//300 1224//1224
f 1224//1224 316//316 1220//1220
f 1222//1222 1224//1224 1220//1220
f 81//81 1146//1146 1226//1226
f 1146//1146 297//297 1225//1225
f 1225//1225 318//318 1226//1226
f 1146//1146 1225//1225 1226//1226
f 297//297 1143//1143 1228//1228
f 1143//1143 24//24 1227//1227
f 1227//1227 317//317 1228//1228
f 1143//1143 1227//1227 1228//1228
f 317//317 1229//1229 1231//1231
f 1229//1229 85//85 1230//1230
f 1230//1230 318//318 1231//1231
f 1229//1229 1230//1230 1231//1231
f 297//297 1228//1228 1225//1225
f 1228//1228 317//317 1231//1231
f 1231//1231 318//318 1225//1225
f 1228//1228 1231//1231 1225//1225
f 67//67 1221//1221 1215//1215
f 1221//1221 316//316 1232//1232
f 1232//1232 314//314 1215//1215
f 1221//1221 1232//1232 1215//1215
f 316//316 1223//1223 1233//1233
f 1223//1223 81//81 1226//1226
f 1226//1226 318//318 1233//1233
f 1223//1223 1226//1226 1233//1233
f 318//318 1230//1230 1234//1234
f 1230//1230 85//85 1217//1217
f 1217//1217 314//314 1234//1234
f 1230//1230 1217//1217 1234//1234
f 316//316 1233//1233 1232//1232
f 1233//1233 318//318 1234//1234
f 1234//1234 314//314 1232//1232
f 1233//1233 1234//1234 1232//1232
f 24//24 1134//1134 1236//1236
f 1134//1134 294//294 1235//1235
f 1235//1235 320//320 1236//1236
f 1134//1134 1235//1235 1236//1236
f 294//294 1131//1131 1238//1238
f 1131//1131 79//79 1237//1237
f 1237//1237 319//319 1238//1238
f 1131//1131 1237//1237 1238//1238
f 319//319 1239//1239 1241//1241
f 1239//1239 87//87 1240//1240
f 1240//1240 320//320 1241//1241
f 1239//1239 1240//1240 1241//1241
f 294//294 1238//1238 1235//1235
f 1238//1238 319//319 1241//1241
f 1241//1241 320//320 1235//1235
f 1238//1238 1241//1241 1235//1235
f 79//79 1128//1128 1243//1243
f 1128//1128 292//292 1242//1242
f 1242//1242 322//322 1243//1243
f 1128//1128 1242//1242 1243//1243
f 292//292 1126//1126 1245//1245
f 1126//1126 8//8 1244//1244
f 1244//1244 321//321 1245//1245
f 1126//1126 1244//1244 1245//1245
f 321//321 1246//1246 1248//1248
f 1246//1246 86//86 1247//1247
f 1247//1247 322//322 1248//1248
f 1246//1246 1247//1247 1248//1248
f 292//292 1245//1245 1242//1242
f 1245//1245 321//321 1248//1248
f 1248//1248 322//322 1242//1242
f 1245//1245 1248//1248 1242//1242
f 86//86 1249//1249 1251//1251
f 1249//1249 323//323 1250//1250
f 1250//1250 325//325 1251//1251
f 1249//1249 1250//1250 1251//1251
f 323//323 1252//1252 1254//1254
f 1252//1252 25//25 1253//1253
f 1253//1253 324//324 1254//1254
f 1252//1252 1253//1253 1254//1254
f 324//324 1255//1255 1257//1257
f 1255//1255 87//87 1256//1256
f 1256//1256 325//325 1257//1257
f 1255//1255 1256//1256 1257//1257
f 323//323 1254//1254 1250//1250
f 1254//1254 324//324 1257//1257
f 1257//1257 325//325 1250//1250
f 1254//1254 1257//1257 1250//1250
f 79//79 1243//1243 1237//1237
f 1243//1243 322//322 1258//1258
f 1258//1258 319//319 1237//1237
f 1243//1243 1258//1258 1237//1237
f 322//322 1247//1247 1259//1259
f 1247//1247 86//86 1251//1251
f 1251//1251 325//325 1259//1259
f 1247//1247 1251//1251 1259//1259
f 325//325 1256//1256 1260//1260
f 1256//1256 87//87 1239//1239
f 1239//1239 319//319 1260//1260
f 1256//1256 1239//1239 1260//1260
f 322//322 1259//1259 1258//1258
f 1259//1259 325//325 1260//1260
f 1260//1260 319//319 1258//1258
f 1259//1259 1260//1260 1258//1258
f 21//21 1214//1214 1196//1196
f 1214//1214 315//315 1261//1261
f 1261//1261 309//309 1196//1196
f 1214//1214 1261//1261 1196//1196
f 315//315 1218//1218 1263//1263
f 1218//1218 85//85 1262//1262
f 1262//1262 326//326 1263//1263
f 1218//1218 1262//1262 1263//1263
f 326//326 1264//1264 1265//1265
f 1264//1264 83//83 1198//1198
f 1198//1198 309//309 1265//1265
f 1264//1264 1198//1198 1265//1265
f 315//315 1263//1263 1261//1261
f 1263//1263 326//326 1265//1265
f 1265//1265 309//309 1261//1261
f 1263//1263 1265//1265 1261//1261
f 85//85 1229//1229 1267//1267
f 1229//1229 317//317 1266//1266
f 1266//1266 327//327 1267//1267
f 1229//1229 1266//1266 1267//1267
f 317//317 1227//1227 1268//1268
f 1227//1227 24//24 1236//1236
f 1236//1236 320//320 1268//1268
f 1227//1227 1236//1236 1268//1268
f 320//320 1240//1240 1270//1270
f 1240//1240 87//87 1269//1269
f 1269//1269 327//327 1270//1270
f 1240//1240 1269//1269 1270//1270
f 317//317 1268//1268 1266//1266
f 1268//1268 320//320 1270//1270
f 1270//1270 327//327 1266//1266
f 1268//1268 1270//1270 1266//1266
f 87//87 1255//1255 1272//1272
f 1255//1255 324//324 1271//1271
f 1271//1271 328//328 1272//1272
f 1255//1255 1271//1271 1272//1272
f 324//324 1253//1253 1273//1273
f 1253//1253 25//25 1204//1204
f 1204//1204 311//311 1273//1273
f 1253//1253 1204//1204 1273//1273
f 311//311 1201//1201 1275//1275
f 1201//1201 83//83 1274//1274
f 1274//1274 328//328 1275//1275
f 1201//1201 1274//1274 1275//1275
f 324//324 1273//1273 1271//1271
f 1273//1273 311//311 1275//1275
f 1275//1275 328//328 1271//1271
f 1273//1273 1275//1275 1271//1271
f 85//85 1267//1267 1262//1262
f 1267//1267 327//327 1276//1276
f 1276//1276 326//326 1262//1262
f 1267//1267 1276//1276 1262//1262
f 327//327 1269//1269 1277//1277
f 1269//1269 87//87 1272//1272
f 1272//1272 328//328 1277//1277
f 1269//1269 1272//1272 1277//1277
f 328//328 1274//1274 1278//1278
f 1274//1274 83//83 1264//1264
f 1264//1264 326//326 1278//1278
f 1274//1274 1264//1264 1278//1278
f 327//327 1277//1277 1276//1276
f 1277//1277 328//328 1278//1278
f 1278//1278 326//326 1276//1276
f 1277//1277 1278//1278 1276//1276
f 3//3 1188//1188 703//703
f 1188//1188 308//308 1279//1279
f 1279//1279 185//185 703//703
f 1188//1188 1279//1279 703//703
f 308//308 1192//1192 1281//1281
f 1192//1192 84//84 1280//1280
f 1280//1280 329//329 1281//1281
f 1192//1192 1280//1280 1281//1281
f 329//329 1282//1282 1283//1283
f 1282//1282 52//52 705//705
f 705//705 185//185 1283//1283
f 1282//1282 705//705 1283//1283
f 308//308 1281//1281 1279//1279
f 1281//1281 329//329 1283//1283
f 1283//1283 185//185 1279//1279
f 1281//1281 1283//1283 1279//1279
f 84//84 1207//1207 1285//1285
f 1207//1207 312//312 1284//1284
f 1284//1284 331//331 1285//1285
f 1207//1207 1284//1284 1285//1285
f 312//312 1205//1205 1287//1287
f 1205//1205 25//25 1286//1286
f 1286//1286 330//330 1287//1287
f 1205//1205 1286//1286 1287//1287
f 330//330 1288//1288 1290//1290
f 1288//1288 88//88 1289//1289
f 1289//1289 331//331 1290//1290
f 1288//1288 1289//1289 1290//1290
f 312//312 1287//1287 1284//1284
f 1287//1287 330//330 1290//1290
f 1290//1290 331//331 1284//1284
f 1287//1287 1290//1290 1284//1284
f 88//88 1291//1291 1293//1293
f 1291//1291 332//332 1292//1292
f 1292//1292 333//333 1293//1293
f 1291//1291 1292//1292 1293//1293
f 332//332 1294//1294 1295//1295
f 1294//1294 17//17 713//713
f 713//713 187//187 1295//1295
f 1294//1294 713//713 1295//1295
f 187//187 710//710 1297//1297
f 710//710 52//52 1296//1296
f 1296//1296 333//333 1297//1297
f 710//710 1296//1296 1297//1297
f 332//332 1295//1295 1292//1292
f 1295//1295 187//187 1297//1297
f 1297//1297 333//333 1292//1292
f 1295//1295 1297//1297 1292//1292
f 84//84 1285//1285 1280//1280
f 1285//1285 331//331 1298//1298
f 1298//1298 329//329 1280//1280
f 1285//1285 1298//1298 1280//1280
f 331//331 1289//1289 1299//1299
f 1289//1289 88//88 1293//1293
f 1293//1293 333//333 1299//1299
f 1289//1289 1293//1293 1299//1299
f 333//333 1296//1296 1300//1300
f 1296//1296 52//52 1282//1282
f 1282//1282 329//329 1300//1300
f 1296//1296 1282//1282 1300//1300
f 331//331 1299//1299 1298//1298
f 1299//1299 333//333 1300//1300
f 1300//1300 329//329 1298//1298
f 1299//1299 1300//1300 1298//1298
f 25//25 1252//1252 1302//1302
f 1252//1252 323//323 1301//1301
f 1301//1301 335//335 1302//1302
f 1252//1252 1301//1301 1302//1302
f 323//323 1249//1249 1304//1304
f 1249//1249 86//86 1303//1303
f 1303//1303 334//334 1304//1304
f 1249//1249 1303//1303 1304//1304
f 334//334 1305//1305 1307//1307
f 1305//1305 89//89 1306//1306
f 1306//1306 335//335 1307//1307
f 1305//1305 1306//1306 1307//1307
f 323//323 1304//1304 1301//1301
f 1304//1304 334//334 1307//1307
f 1307//1307 335//335 1301//1301
f 1304//1304 1307//1307 1301//1301
f 86//86 1246//1246 1309//1309
f 1246//1246 321//321 1308//1308
f 1308//1308 336//336 1309//1309
f 1246//1246 1308//1308 1309//1309
f 321//321 1244//1244 1310//1310
f 1244//1244 8//8 563//563
f 563//563 148//148 1310//1310
f 1244//1244 563//563 1310//1310
f 148//148 560//560 1312//1312
f 560//560 41//41 1311//1311
f 1311//1311 336//336 1312//1312
f 560//560 1311//1311 1312//1312
f 321//321 1310//1310 1308//1308
f 1310//1310 148//148 1312//1312
f 1312//1312 336//336 1308//1308
f 1310//1310 1312//1312 1308//1308
f 41//41 554//554 1314//1314
f 554//554 145//145 1313//1313
f 1313//1313 338//338 1314//1314
f 554//554 1313//1313 1314//1314
f 145//145 551//551 1316//1316
f 551//551 13//13 1315//1315
f 1315//1315 337//337 1316//1316
f 551//551 1315//1315 1316//1316
f 337//337 1317//1317 1319//1319
f 1317//1317 89//89 1318//1318
f 1318//1318 338//338 1319//1319
f 1317//1317 1318//1318 1319//1319
f 145//145 1316//1316 1313//1313
f 1316//1316 337//337 1319//1319
f 1319//1319 338//338 1313//1313
f 1316//1316 1319//1319 1313//1313
f 86//86 1309//1309 1303//1303
f 1309//1309 336//336 1320//1320
f 1320//1320 334//334 1303//1303
f 1309//1309 1320//1320 1303//1303
f 336//336 1311//1311 1321//1321
f 1311//1311 41//41 1314//1314
f 1314//1314 338//338 1321//1321
f 1311//1311 1314//1314 1321//1321
f 338//338 1318//1318 1322//1322
f 1318//1318 89//89 1305//1305
f 1305//1305 334//334 1322//1322
f 1318//1318 1305//1305 1322//1322
f 336//336 1321//1321 1320//1320
f 1321//1321 338//338 1322//1322
f 1322//1322 334//334 1320//1320
f 1321//1321 1322//1322 1320//1320
f 13//13 542//542 1324//1324
f 542//542 142//142 1323//1323
f 1323//1323 340//340 1324//1324
f 542//542 1323//1323 1324//1324
f 142//142 539//539 1326//1326
f 539//539 39//39 1325//1325
f 1325//1325 339//339 1326//1326
f 539//539 1325//1325 1326//1326
f 339//339 1327//1327 1329//1329
f 1327//1327 90//90 1328//1328
f 1328//1328 340//340 1329//1329
f 1327//1327 1328//1328 1329//1329
f 142//142 1326//1326 1323//1323
f 1326//1326 339//339 1329//1329
f 1329//1329 340//340 1323//1323
f 1326//1326 1329//1329 1323//1323
f 39//39 536//536 1331//1331
f 536//536 140//140 1330//1330
f 1330//1330 341//341 1331//1331
f 536//536 1330//1330 1331//1331
f 140//140 534//534 1332//1332
f 534//534 7//7 741//741
f 741//741 195//195 1332//1332
f 534//534 741//741 1332//1332
f 195//195 738//738 1334//1334
f 738//738 54//54 1333//1333
f 1333//1333 341//341 1334//1334
f 738//738 1333//1333 1334//1334
f 140//140 1332//1332 1330//1330
f 1332//1332 195//195 1334//1334
f 1334//1334 341//341 1330//1330
f 1332//1332 1334//1334 1330//1330
f 54//54 732//732 1336//1336
f 732//732 192//192 1335//1335
f 1335//1335 343//343 1336//1336
f 732//732 1335//1335 1336//1336
f 192//192 729//729 1338//1338
f 729//729 17//17 1337//1337
f 1337//1337 342//342 1338//1338
f 729//729 1337//1337 1338//1338
f 342//342 1339//1339 1341//1341
f 1339//1339 90//90 1340//1340
f 1340//1340 343//343 1341//1341
f 1339//1339 1340//1340 1341//1341
f 192//192 1338//1338 1335//1335
f 1338//1338 342//342 1341//1341
f 1341//1341 343//343 1335//1335
f 1338//1338 1341//1341 1335//1335
f 39//39 1331//1331 1325//1325
f 1331//1331 341//341 1342//1342
f 1342//1342 339//339 1325//1325
f 1331//1331 1342//1342 1325//1325
f 341//341 1333//1333 1343//1343
f 1333//1333 54//54 1336//1336
f 1336//1336 343//343 1343//1343
f 1333//1333 1336//1336 1343//1343
f 343//343 1340//1340 1344//1344
f 1340//1340 90//90 1327//1327
f 1327//1327 339//339 1344//1344
f 1340//1340 1327//1327 1344//1344
f 341//341 1343//1343 1342//1342
f 1343//1343 343//343 1344//1344
f 1344//1344 339//339 1342//1342
f 1343//1343 1344//1344 1342//1342
f 25//25 1302//1302 1286//1286
f 1302//1302 335//335 1345//1345
f 1345//1345 330//330 1286//1286
f 1302//1302 1345//1345 1286//1286
f 335//335 1306//1306 1347//1347
f 1306//1306 89//89 1346//1346
f 1346//1346 344//344 1347//1347
f 1306//1306 1346//1346 1347//1347
f 344//344 1348//1348 1349//1349
f 1348//1348 88//88 1288//1288
f 1288//1288 330//330 1349//1349
f 1348//1348 1288//1288 1349//1349
f 335//335 1347//1347 1345//1345
f 1347//1347 344//344 1349//1349
f 1349//1349 330//330 1345//1345
f 1347//1347 1349//1349 1345//1345
f 89//89 1317//1317 1351//1351
f 1317//1317 337//337 1350//1350
f 1350//1350 345//345 1351//1351
f 1317//1317 1350//1350 1351//1351
f 337//337 1315//1315 1352//1352
f 1315//1315 13//13 1324//1324
f 1324//1324 340//340 1352//1352
f 1315//1315 1324//1324 1352//1352
f 340//340 1328//1328 1354//1354
f 1328//1328 90//90 1353//1353
f 1353//1353 345//345 1354//1354
f 1328//1328 1353//1353 1354//1354
f 337//337 1352//1352 1350//1350
f 1352//1352 340//340 1354//1354
f 1354//1354 345//345 1350//1350
f 1352//1352 1354//1354 1350//1350
f 90//90 1339//1339 1356//1356
f 1339//1339 342//342 1355//1355
f 1355//1355 346//346 1356//1356
f 1339//1339 1355//1355 1356//1356
f 342//342 1337//1337 1357//1357
f 1337//1337 17//17 1294//1294
f 1294//1294 332//332 1357//1357
f 1337//1337 1294//1294 1357//1357
f 332//332 1291//1291 1359//1359
f 1291//1291 88//88 1358//1358
f 1358//1358 346//346 1359//1359
f 1291//1291 1358//1358 1359//1359
f 342//342 1357//1357 1355//1355
f 1357//1357 332//332 1359//1359
f 1359//1359 346//346 1355//1355
f 1357//1357 1359//1359 1355//1355
f 89//89 1351//1351 1346//1346
f 1351//1351 345//345 1360//1360
f 1360//1360 344//344 1346//1346
f 1351//1351 1360//1360 1346//1346
f 345//345 1353//1353 1361//1361
f 1353//1353 90//90 1356//1356
f 1356//1356 346//346 1361//1361
f 1353//1353 1356//1356 1361//1361
f 346//346 1358//1358 1362//1362
f 1358//1358 88//88 1348//1348
f 1348//1348 344//344 1362//1362
f 1358//1358 1348//1348 1362//1362
f 345//345 1361//1361 1360//1360
f 1361//1361 346//346 1362//1362
f 1362//1362 344//344 1360//1360
f 1361//1361 1362//1362 1360//1360
f 1//1 597//597 795//795
f 597//597 157//157 1363//1363
f 1363//1363 207//207 795//795
f 597//597 1363//1363 795//795
f 157//157 602//602 1365//1365
f 602//602 45//45 1364//1364
f 1364//1364 347//347 1365//1365
f 602//602 1364//1364 1365//1365
f 347//347 1366//1366 1367//1367
f 1366//1366 57//57 797//797
f 797//797 207//207 1367//1367
f 1366//1366 797//797 1367//1367
f 157//157 1365//1365 1363//1363
f 1365//1365 347//347 1367//1367
f 1367//1367 207//207 1363//1363
f 1365//1365 1367//1367 1363//1363
f 45//45 619//619 1369//1369
f 619//619 162//162 1368//1368
f 1368//1368 349//349 1369//1369
f 619//619 1368//1368 1369//1369
f 162//162 617//617 1371//1371
f 617//617 16//16 1370//1370
f 1370//1370 348//348 1371//1371
f 617//617 1370//1370 1371//1371
f 348//348 1372//1372 1374//1374
f 1372//1372 91//91 1373//1373
f 1373//1373 349//349 1374//1374
f 1372//1372 1373//1373 1374//1374
f 162//162 1371//1371 1368//1368
f 1371//1371 348//348 1374//1374
f 1374//1374 349//349 1368//1368
f 1371//1371 1374//1374 1368//1368
f 91//91 1375//1375 1377//1377
f 1375//1375 350//350 1376//1376
f 1376//1376 351//351 1377//1377
f 1375//1375 1376//1376 1377//1377
f 350//350 1378//1378 1379//1379
f 1378//1378 18//18 805//805
f 805//805 209//209 1379//1379
f 1378//1378 805//805 1379//1379
f 209//209 802//802 1381//1381
f 802//802 57//57 1380//1380
f 1380//1380 351//351 1381//1381
f 802//802 1380//1380 1381//1381
f 350//350 1379//1379 1376//1376
f 1379//1379 209//209 1381//1381
f 1381//1381 351//351 1376//1376
f 1379//1379 1381//1381 1376//1376
f 45//45 1369//1369 1364//1364
f 1369//1369 349//349 1382//1382
f 1382//1382 347//347 1364//1364
f 1369//1369 1382//1382 1364//1364
f 349//349 1373//1373 1383//1383
f 1373//1373 91//91 1377//1377
f 1377//1377 351//351 1383//1383
f 1373//1373 1377//1377 1383//1383
f 351//351 1380//1380 1384//1384
f 1380//1380 57//57 1366//1366
f 1366//1366 347//347 1384//1384
f 1380//1380 1366//1366 1384//1384
f 349//349 1383//1383 1382//1382
f 1383//1383 351//351 1384//1384
f 1384//1384 347//347 1382//1382
f 1383//1383 1384//1384 1382//1382
f 16//16 676//676 1386//1386
f 676//676 179//179 1385//1385
f 1385//1385 353//353 1386//1386
f 676//676 1385//1385 1386//1386
f 179//179 673//673 1388//1388
f 673//673 50//50 1387//1387
f 1387//1387 352//352 1388//1388
f 673//673 1387//1387 1388//1388
f 352//352 1389//1389 1391//1391
f 1389//1389 93//93 1390//1390
f 1390//1390 353//353 1391//1391
f 1389//1389 1390//1390 1391//1391
f 179//179 1388//1388 1385//1385
f 1388//1388 352//352 1391//1391
f 1391//1391 353//353 1385//1385
f 1388//1388 1391//1391 1385//1385
f 50//50 670//670 1393//1393
f 670//670 177//177 1392//1392
f 1392//1392 355//355 1393//1393
f 670//670 1392//1392 1393//1393
f 177//177 668//668 1395//1395
f 668//668 5//5 1394//1394
f 1394//1394 354//354 1395//1395
f 668//668 1394//1394 1395//1395
f 354//354 1396//1396 1398//1398
f 1396//1396 92//92 1397//1397
f 1397//1397 355//355 1398//1398
f 1396//1396 1397//1397 1398//1398
f 177//177 1395//1395 1392//1392
f 1395//1395 354//354 1398//1398
f 1398//1398 355//355 1392//1392
f 1395//1395 1398//1398 1392//1392
f 92//92 1399//1399 1401//1401
f 1399//1399 356//356 1400//1400
f 1400//1400 358//358 1401//1401
f 1399//1399 1400//1400 1401//1401
f 356//356 1402//1402 1404//1404
f 1402//1402 26//26 1403//1403
f 1403//1403 357//357 1404//1404
f 1402//1402 1403//1403 1404//1404
f 357//357 1405//1405 1407//1407
f 1405//1405 93//93 1406//1406
f 1406//1406 358//358 1407//1407
f 1405//1405 1406//1406 1407//1407
f 356//356 1404//1404 1400//1400
f 1404//1404 357//357 1407//1407
f 1407//1407 358//358 1400//1400
f 1404//1404 1407//1407 1400//1400
f 50//50 1393//1393 1387//1387
f 1393//1393 355//355 1408//1408
f 1408//1408 352//352 1387//1387
f 1393//1393 1408//1408 1387//1387
f 355//355 1397//1397 1409//1409
f 1397//1397 92//92 1401//1401
f 1401//1401 358//358 1409//1409
f 1397//1397 1401//1401 1409//1409
f 358//358 1406//1406 1410//1410
f 1406//1406 93//93 1389//1389
f 1389//1389 352//352 1410//1410
f 1406//1406 1389//1389 1410//1410
f 355//355 1409//1409 1408//1408
f 1409//1409 358//358 1410//1410
f 1410//1410 352//352 1408//1408
f 1409//1409 1410//1410 1408//1408
f 26//26 1411//1411 1413//1413
f 1411//1411 359//359 1412//1412
f 1412//1412 361//361 1413//1413
f 1411//1411 1412//1412 1413//1413
f 359//359 1414//1414 1416//1416
f 1414//1414 94//94 1415//1415
f 1415//1415 360//360 1416//1416
f 1414//1414 1415//1415 1416//1416
f 360//360 1417//1417 1419//1419
f 1417//1417 95//95 1418//1418
f 1418//1418 361//361 1419//1419
f 1417//1417 1418//1418 1419//1419
f 359//359 1416//1416 1412//1412
f 1416//1416 360//360 1419//1419
f 1419//1419 361//361 1412//1412
f 1416//1416 1419//1419 1412//1412
f 94//94 1420//1420 1422//1422
f 1420//1420 362//362 1421//1421
f 1421//1421 363//363 1422//1422
f 1420//1420 1421//1421 1422//1422
f 362//362 1423//1423 1424//1424
f 1423//1423 2//2 833//833
f 833//833 217//217 1424//1424
f 1423//1423 833//833 1424//1424
f 217//217 830//830 1426//1426
f 830//830 59//59 1425//1425
f 1425//1425 363//363 1426//1426
f 830//830 1425//1425 1426//1426
f 362//362 1424//1424 1421//1421
f 1424//1424 217//217 1426//1426
f 1426//1426 363//363 1421//1421
f 1424//1424 1426//1426 1421//1421
f 59//59 824//824 1428//1428
f 824//824 214//214 1427//1427
f 1427//1427 365//365 1428//1428
f 824//824 1427//1427 1428//1428
f 214//214 821//821 1430//1430
f 821//821 18//18 1429//1429
f 1429//1429 364//364 1430//1430
f 821//821 1429//1429 1430//1430
f 364//364 1431//1431 1433//1433
f 1431//1431 95//95 1432//1432
f 1432//1432 365//365 1433//1433
f 1431//1431 1432//1432 1433//1433
f 214//214 1430//1430 1427//1427
f 1430//1430 364//364 1433//1433
f 1433//1433 365//365 1427//1427
f 1430//1430 1433//1433 1427//1427
f 94//94 1422//1422 1415//1415
f 1422//1422 363//363 1434//1434
f 1434//1434 360//360 1415//1415
f 1422//1422 1434//1434 1415//1415
f 363//363 1425//1425 1435//1435
f 1425//1425 59//59 1428//1428
f 1428//1428 365//365 1435//1435
f 1425//1425 1428//1428 1435//1435
f 365//365 1432//1432 1436//1436
f 1432//1432 95//95 1417//1417
f 1417//1417 360//360 1436//1436
f 1432//1432 1417//1417 1436//1436
f 363//363 1435//1435 1434//1434
f 1435//1435 365//365 1436//1436
f 1436//1436 360//360 1434//1434
f 1435//1435 1436//1436 1434//1434
f 16//16 1386//1386 1370//1370
f 1386//1386 353//353 1437//1437
f 1437//1437 348//348 1370//1370
f 1386//1386 1437//1437 1370//1370
f 353//353 1390//1390 1439//1439
f 1390//1390 93//93 1438//1438
f 1438//1438 366//366 1439//1439
f 1390//1390 1438//1438 1439//1439
f 366//366 1440//1440 1441//1441
f 1440//1440 91//91 1372//1372
f 1372//1372 348//348 1441//1441
f 1440//1440 1372//1372 1441//1441
f 353//353 1439//1439 1437//1437
f 1439//1439 366//366 1441//1441
f 1441//1441 348//348 1437//1437
f 1439//1439 1441//1441 1437//1437
f 93//93 1405//1405 1443//1443
f 1405//1405 357//357 1442//1442
f 1442//1442 367//367 1443//1443
f 1405//1405 1442//1442 1443//1443
f 357//357 1403//1403 1444//1444
f 1403//1403 26//26 1413//1413
f 1413//1413 361//361 1444//1444
f 1403//1403 1413//1413 1444//1444
f 361//361 1418//1418 1446//1446
f 1418//1418 95//95 1445//1445
f 1445//1445 367//367 1446//1446
f 1418//1418 1445//1445 1446//1446
f 357//357 1444//1444 1442//1442
f 1444//1444 361//361 1446//1446
f 1446//1446 367//367 1442//1442
f 1444//1444 1446//1446 1442//1442
f 95//95 1431//1431 1448//1448
f 1431//1431 364//364 1447//1447
f 1447//1447 368//368 1448//1448
f 1431//1431 1447//1447 1448//1448
f 364//364 1429//1429 1449//1449
f 1429//1429 18//18 1378//1378
f 1378//1378 350//350 1449//1449
f 1429//1429 1378//1378 1449//1449
f 350//350 1375//1375 1451//1451
f 1375//1375 91//91 1450//1450
f 1450//1450 368//368 1451//1451
f 1375//1375 1450//1450 1451//1451
f 364//364 1449//1449 1447//1447
f 1449//1449 350//350 1451//1451
f 1451//1451 368//368 1447//1447
f 1449//1449 1451//1451 1447//1447
f 93//93 1443//1443 1438//1438
f 1443//1443 367//367 1452//1452
f 1452//1452 366//366 1438//1438
f 1443//1443 1452//1452 1438//1438
f 367//367 1445//1445 1453//1453
f 1445//1445 95//95 1448//1448
f 1448//1448 368//368 1453//1453
f 1445//1445 1448//1448 1453//1453
f 368//368 1450//1450 1454//1454
f 1450//1450 91//91 1440//1440
f 1440//1440 366//366 1454//1454
f 1450//1450 1440//1440 1454//1454
f 367//367 1453//1453 1452//1452
f 1453//1453 368//368 1454//1454
f 1454//1454 366//366 1452//1452
f 1453//1453 1454//1454 1452//1452
f 2//2 1423//1423 995//995
f 1423//1423 362//362 1455//1455
f 1455//1455 259//259 995//995
f 1423//1423 1455//1455 995//995
f 362//362 1420//1420 1457//1457
f 1420//1420 94//94 1456//1456
f 1456//1456 369//369 1457//1457
f 1420//1420 1456//1456 1457//1457
f 369//369 1458//1458 1459//1459
f 1458//1458 71//71 998//998
f 998//998 259//259 1459//1459
f 1458//1458 998//998 1459//1459
f 362//362 1457//1457 1455//1455
f 1457//1457 369//369 1459//1459
f 1459//1459 259//259 1455//1455
f 1457//1457 1459//1459 1455//1455
f 94//94 1414//1414 1461//1461
f 1414//1414 359//359 1460//1460
f 1460//1460 371//371 1461//1461
f 1414//1414 1460//1460 1461//1461
f 359//359 1411//1411 1463//1463
f 1411//1411 26//26 1462//1462
f 1462//1462 370//370 1463//1463
f 1411//1411 1462//1462 1463//1463
f 370//370 1464//1464 1466//1466
f 1464//1464 96//96 1465//1465
f 1465//1465 371//371 1466//1466
f 1464//1464 1465//1465 1466//1466
f 359//359 1463//1463 1460//1460
f 1463//1463 370//370 1466//1466
f 1466//1466 371//371 1460//1460
f 1463//1463 1466//1466 1460//1460
f 96//96 1467//1467 1469//1469
f 1467//1467 372//372 1468//1468
f 1468//1468 373//373 1469//1469
f 1467//1467 1468//1468 1469//1469
f 372//372 1470//1470 1471//1471
f 1470//1470 22//22 1007//1007
f 1007//1007 262//262 1471//1471
f 1470//1470 1007//1007 1471//1471
f 262//262 1004//1004 1473//1473
f 1004//1004 71//71 1472//1472
f 1472//1472 373//373 1473//1473
f 1004//1004 1472//1472 1473//1473
f 372//372 1471//1471 1468//1468
f 1471//1471 262//262 1473//1473
f 1473//1473 373//373 1468//1468
f 1471//1471 1473//1473 1468//1468
f 94//94 1461//1461 1456//1456
f 1461//1461 371//371 1474//1474
f 1474//1474 369//369 1456//1456
f 1461//1461 1474//1474 1456//1456
f 371//371 1465//1465 1475//1475
f 1465//1465 96//96 1469//1469
f 1469//1469 373//373 1475//1475
f 1465//1465 1469//1469 1475//1475
f 373//373 1472//1472 1476//1476
f 1472//1472 71//71 1458//1458
f 1458//1458 369//369 1476//1476
f 1472//1472 1458//1458 1476//1476
f 371//371 1475//1475 1474//1474
f 1475//1475 373//373 1476//1476
f 1476//1476 369//369 1474//1474
f 1475//1475 1476//1476 1474//1474
f 26//26 1402//1402 1478//1478
f 1402//1402 356//356 1477//1477
f 1477//1477 375//375 1478//1478
f 1402//1402 1477//1477 1478//1478
f 356//356 1399//1399 1480//1480
f 1399//1399 92//92 1479//1479
f 1479//1479 374//374 1480//1480
f 1399//1399 1479//1479 1480//1480
f 374//374 1481//1481 1483//1483
f 1481//1481 97//97 1482//1482
f 1482//1482 375//375 1483//1483
f 1481//1481 1482//1482 1483//1483
f 356//356 1480//1480 1477//1477
f 1480//1480 374//374 1483//1483
f 1483//1483 375//375 1477//1477
f 1480//1480 1483//1483 1477//1477
f 92//92 1396//1396 1485//1485
f 1396//1396 354//354 1484//1484
f 1484//1484 376//376 1485//1485
f 1396//1396 1484//1484 1485//1485
f 354//354 1394//1394 1486//1486
f 1394//1394 5//5 389//389
f 389//389 101//101 1486//1486
f 1394//1394 389//389 1486//1486
f 101//101 394//394 1488//1488
f 394//394 29//29 1487//1487
f 1487//1487 376//376 1488//1488
f 394//394 1487//1487 1488//1488
f 354//354 1486//1486 1484//1484
f 1486//1486 101//101 1488//1488
f 1488//1488 376//376 1484//1484
f 1486//1486 1488//1488 1484//1484
f 29//29 411//411 1490//1490
f 411//411 106//106 1489//1489
f 1489//1489 378//378 1490//1490
f 411//411 1489//1489 1490//1490
f 106//106 409//409 1492//1492
f 409//409 11//11 1491//1491
f 1491//1491 377//377 1492//1492
f 409//409 1491//1491 1492//1492
f 377//377 1493//1493 1495//1495
f 1493//1493 97//97 1494//1494
f 1494//1494 378//378 1495//1495
f 1493//1493 1494//1494 1495//1495
f 106//106 1492//1492 1489//1489
f 1492//1492 377//377 1495//1495
f 1495//1495 378//378 1489//1489
f 1492//1492 1495//1495 1489//1489
f 92//92 1485//1485 1479//1479
f 1485//1485 376//376 1496//1496
f 1496//1496 374//374 1479//1479
f 1485//1485 1496//1496 1479//1479
f 376//376 1487//1487 1497//1497
f 1487//1487 29//29 1490//1490
f 1490//1490 378//378 1497//1497
f 1487//1487 1490//1490 1497//1497
f 378//378 1494//1494 1498//1498
f 1494//1494 97//97 1481//1481
f 1481//1481 374//374 1498//1498
f 1494//1494 1481//1481 1498//1498
f 376//376 1497//1497 1496//1496
f 1497//1497 378//378 1498//1498
f 1498//1498 374//374 1496//1496
f 1497//1497 1498//1498 1496//1496
f 11//11 468//468 1500//1500
f 468//468 123//123 1499//1499
f 1499//1499 380//380 1500//1500
f 468//468 1499//1499 1500//1500
f 123//123 465//465 1502//1502
f 465//465 34//34 1501//1501
f 1501//1501 379//379 1502//1502
f 465//465 1501//1501 1502//1502
f 379//379 1503//1503 1505//1505
f 1503//1503 98//98 1504//1504
f 1504//1504 380//380 1505//1505
f 1503//1503 1504//1504 1505//1505
f 123//123 1502//1502 1499//1499
f 1502//1502 379//379 1505//1505
f 1505//1505 380//380 1499//1499
f 1502//1502 1505//1505 1499//1499
f 34//34 462//462 1507//1507
f 462//462 121//121 1506//1506
f 1506//1506 381//381 1507//1507
f 462//462 1506//1506 1507//1507
f 121//121 460//460 1508//1508
f 460//460 6//6 1037//1037
f 1037//1037 271//271 1508//1508
f 460//460 1037//1037 1508//1508
f 271//271 1034//1034 1510//1510
f 1034//1034 74//74 1509//1509
f 1509//1509 381//381 1510//1510
f 1034//1034 1509//1509 1510//1510
f 121//121 1508//1508 1506//1506
f 1508//1508 271//271 1510//1510
f 1510//1510 381//381 1506//1506
f 1508//1508 1510//1510 1506//1506
f 74//74 1028//1028 1512//1512
f 1028//1028 268//268 1511//1511
f 1511//1511 383//383 1512//1512
f 1028//1028 1511//1511 1512//1512
f 268//268 1025//1025 1514//1514
f 1025//1025 22//22 1513//1513
f 1513//1513 382//382 1514//1514
f 1025//1025 1513//1513 1514//1514
f 382//382 1515//1515 1517//1517
f 1515//1515 98//98 1516//1516
f 1516//1516 383//383 1517//1517
f 1515//1515 1516//1516 1517//1517
f 268//268 1514//1514 1511//1511
f 1514//1514 382//382 1517//1517
f 1517//1517 383//383 1511//1511
f 1514//1514 1517//1517 1511//1511
f 34//34 1507//1507 1501//1501
f 1507//1507 381//381 1518//1518
f 1518//1518 379//379 1501//1501
f 1507//1507 1518//1518 1501//1501
f 381//381 1509//1509 1519//1519
f 1509//1509 74//74 1512//1512
f 1512//1512 383//383 1519//1519
f 1509//1509 1512//1512 1519//1519
f 383//383 1516//1516 1520//1520
f 1516//1516 98//98 1503//1503
f 1503//1503 379//379 1520//1520
f 1516//1516 1503//1503 1520//1520
f 381//381 1519//1519 1518//1518
f 1519//1519 383//383 1520//1520
f 1520//1520 379//379 1518//1518
f 1519//1519 1520//1520 1518//1518
f 26//26 1478//1478 1462//1462
f 1478//1478 375//375 1521//1521
f 1521//1521 370//370 1462//1462
f 1478//1478 1521//1521 1462//1462
f 375//375 1482//1482 1523//1523
f 1482//1482 97//97 1522//1522
f 1522//1522 384//384 1523//1523
f 1482//1482 1522//1522 1523//1523
f 384//384 1524//1524 1525//1525
f 1524//1524 96//96 1464//1464
f 1464//1464 370//370 1525//1525
f 1524//1524 1464//1464 1525//1525
f 375//375 1523//1523 1521//1521
f 1523//1523 384//384 1525//1525
f 1525//1525 370//370 1521//1521
f 1523//1523 1525//1525 1521//1521
f 97//97 1493//1493 1527//1527
f 1493//1493 377//377 1526//1526
f 1526//1526 385//385 1527//1527
f 1493//1493 1526//1526 1527//1527
f 377//377 1491//1491 1528//1528
f 1491//1491 11//11 1500//1500
f 1500//1500 380//380 1528//1528
f 1491//1491 1500//1500 1528//1528
f 380//380 1504//1504 1530//1530
f 1504//1504 98//98 1529//1529
f 1529//1529 385//385 1530//1530
f 1504//1504 1529//1529 1530//1530
f 377//377 1528//1528 1526//1526
f 1528//1528 380//380 1530//1530
f 1530//1530 385//385 1526//1526
f 1528//1528 1530//1530 1526//1526
f 98//98 1515//1515 1532//1532
f 1515//1515 382//382 1531//1531
f 1531//1531 386//386 1532//1532
f 1515//1515 1531//1531 1532//1532
f 382//382 1513//1513 1533//1533
f 1513//1513 22//22 1470//1470
f 1470//1470 372//372 1533//1533
f 1513//1513 1470//1470 1533//1533
f 372//372 1467//1467 1535//1535
f 1467//1467 96//96 1534//1534
f 1534//1534 386//386 1535//1535
f 1467//1467 1534//1534 1535//1535
f 382//382 1533//1533 1531//1531
f 1533//1533 372//372 1535//1535
f 1535//1535 386//386 1531//1531
f 1533//1533 1535//1535 1531//1531
f 97//97 1527//1527 1522//1522
f 1527//1527 385//385 1536//1536
f 1536//1536 384//384 1522//1522
f 1527//1527 1536//1536 1522//1522
f 385//385 1529//1529 1537//1537
f 1529//1529 98//98 1532//1532
f 1532//1532 386//386 1537//1537
f 1529//1529 1532//1532 1537//1537
f 386//386 1534//1534 1538//1538
f 1534//1534 96//96 1524//1524
f 1524//1524 384//384 1538//1538
f 1534//1534 1524//1524 1538//1538
f 385//385 1537//1537 1536//1536
f 1537//1537 386//386 1538//1538
f 1538//1538 384//384 1536//1536
f 1537//1537 1538//1538 1536//1536
